"gvkey","conm","2021","2022","2023","2024"
"005302","LABYRINTH RESOURCES LIMITED",0.034,0.02,0.006,0.017
"013312","BHP GROUP LTD",37.61,38.52,44.25,45.96
"014242","ANSELL LTD",34.2,25.19,22.13,31.81
"016602","THE IQ GROUP GLOBAL LTD",0.2,NA,NA,NA
"017525","ORIGIN ENERGY LTD",4.73,5.17,8.78,10.01
"018043","NEWS CORP",23.53,15.11,20.06,26.63
"019731","ORBITAL CORP LTD",0.65,0.215,0.16,0.079
"023681","SENEX ENERGY LTD",3.69,NA,NA,NA
"024433","ASTUTE METALS NL",0.004,0.004,0.037,0.027
"031887","RESMED INC",263.55,218.3,147.87,244.12
"033805","SPORTSHERO LIMITED",0.029,0.02,0.019,0.012
"037798","TRITIUM DCFC LTD",9.87,3.19,0.3028,NA
"039960","IRIS ENERGY LIMITED",NA,4.13,3.71,8.44
"040702","LOCAFY LTD",NA,0.3901,7.15,NA
"062403","FLETCHER BUILDING LTD",7.18,4.84,4.7,2.95
"100243","AMCOR PLC",9.65,10.5,8.3,9.908
"100251","AGL ENERGY",5.78,6.84,10.73,11.83
"100461","BRAMBLES LTD",10.77,11.41,14.32,19.03
"100800","MCPHERSONS LTD",1.08,0.77,0.43,0.405
"100894","WOOLWORTHS GROUP LTD",39.35,33.95,37.32,33.3
"101392","BEACH ENERGY LTD",1.495,1.485,1.64,1.215
"101513","ST BARBARA LTD",1.34,0.74,0.175,0.36
"101568","AMOTIV LIMITED",10.27,7.41,11.77,10.45
"101597","MACMAHON HOLDINGS LTD",0.2,0.15,0.17,0.325
"101601","WESFARMERS LTD",55.75,42.72,52.86,70.43
"101605","REECE LTD",19.13,14.02,18.63,28.5
"101742","GWA GROUP LTD",2.74,1.91,1.845,2.41
"102202","DEEP YELLOW LTD",0.93,0.81,1.315,1.375
"102234","AIR NEW ZEALAND LTD",1.63,0.715,0.73,0.53
"103084","NEWCREST MINING LTD",22.64,16.92,24.52,NA
"104831","SPARK NEW ZEALAND LTD",4.78,5,4.81,3.03
"104960","OVATO LTD",0.002,NA,NA,NA
"105117","SEVEN WEST MEDIA LTD",0.405,0.415,0.315,0.175
"117116","KAZIA THERAPEUTICS LIMITED",1.565,0.1825,0.165,0.4299
"200157","EVT LIMITED",15.26,12.97,11,10.78
"200729","BEYOND INTERNATIONAL GRP LTD",0.655,0.5,NA,NA
"200779","BLACKMORES LTD",95.08,62.98,NA,NA
"200782","HORIZON OIL LTD",0.09,0.1475,0.18,0.2
"200972","ORCODA LTD",0.155,0.064,0.3,0.195
"201317","COVENTRY GROUP LTD",1.49,1.23,1.05,1.26
"201349","TZ LTD",0.1,0.1,0.024,0.019
"201350","CUE ENERGY RESOURCES LTD",0.065,0.074,0.062,0.096
"201616","LACHLAN STAR LTD",0.032,0.014,0.009,0.115
"201669","BOTANIX PHARMACEUTICALS LTD",0.07,0.062,0.12,0.405
"201739","EBOS GROUP LTD",35.3,37.61,34.2,36.14
"202023","ENERGY WORLD CORP LTD",0.078,0.053,0.035,0.01
"202649","GROUP 6 METALS LTD",0.17,0.185,0.09,NA
"202741","HAOMA MINING NL",NA,NA,NA,NA
"202929","KINGSGATE CONSOLIDATED LTD",1.58,1.57,1.21,1.39
"203007","HARVEY NORMAN HLDGS LTD",5.03,4.04,3.87,4.95
"203037","TOURISM HOLDINGS LTD",2.59,2.8,3.7,1.77
"203038","HELIX RESOURCES NL",0.018,0.0065,0.004,0.0045
"203071","HILLS LTD",0.12,0.065,NA,NA
"203209","DGL GROUP LIMITED",2.89,1.51,0.89,0.47
"203336","HORIZON MINERALS LTD",0.1,0.066,0.038,0.048
"203485","KORVEST LTD",5.47,7.15,8.45,10.37
"203545","LAKES BLUE ENERGY NL",0.0015,0.001,0.001,1
"204081","KINGSTON RESOURCES LTD",0.2,0.088,0.08,0.086
"205148","MICHAEL HILL INTL LTD",0.92,1.31,0.95,0.52
"205194","MINERAL RESOURCES LTD",44.81,65.75,67.63,52.04
"205282","MOUNT BURGESS MINING NL",0.006,0.005,0.003,0.002
"205371","OLDFIELDS HOLDINGS LTD",0.066,0.06,0.05,0.064
"206146","ORPHEUS URANIUM LTD",0.007,0.0015,0.075,0.051
"206196","DEMETALLICA LIMITED",NA,NA,NA,NA
"207014","NOVA MINERALS LTD",0.12,0.645,0.245,0.135
"207085","ADSLOT LTD",0.027,0.011,0.005,0.001
"207097","SONIC HEALTHCARE LTD",40.66,30.58,29.8,27.23
"207103","RIDLEY CORP LTD",1.34,2.04,2.3,2.62
"207300","FLIGHT CENTRE TRAVEL GROUP",21.46,14.22,19.38,22.35
"208001","ASARA RESOURCES LIMITED",0.006,0.042,0.026,0.015
"208012","INOVIQ LTD",1.09,0.53,0.56,0.5
"208079","SIMS LTD",13.33,13.38,13.53,12.66
"208239","K&S CORP LTD",1.7,1.925,2.46,3.52
"208326","SGH LIMITED",20.69,16.95,31.15,42.88
"208584","PRT COMPANY LIMITED",0.24,0.465,0.465,NA
"209221","SENETAS CORP",0.049,0.027,0.021,0.023
"209423","VILLAGE ROADSHOW LTD",NA,NA,NA,NA
"209518","JUMBO INTERACTIVE LTD",15.99,12.02,15.5,13.72
"209626","KAIROS MINERALS LTD",0.03,0.031,0.022,0.013
"210216","TELSTRA GROUP LIMITED",3.93,3.85,3.85,3.88
"210268","GREENVALE ENERGY LTD",0.35,0.06,0.075,0.026
"210805","PERENTI LTD",0.82,0.925,1.08,1.09
"210904","ELEVATE URANIUM LTD",0.535,0.485,0.55,0.4
"211365","NORWOOD SYSTEMS LTD",0.016,0.016,0.037,0.036
"211367","REGIS RESOURCES LTD",2.01,1.56,1.49,2.04
"211517","RESONANCE HEALTH LTD",0.09,0.056,0.079,0.06
"211528","ARB CORP",48.94,27.77,31.28,47.5
"211531","ATLAS PEARLS LTD",0.03,0.033,0.078,0.125
"211536","PRODIGY GOLD NL",0.038,0.01,0.009,0.002
"211545","AUSTRALIAN VINTAGE LTD",0.805,0.61,0.38,0.155
"211546","HEALTH AND PLANT PROTEIN GRP",0.19,0.075,0.042,0.042
"211557","CITIGOLD CORP LTD",0.011,0.006,0.004,0.005
"211559","OPTHEA LTD",1.33,1.17,0.33,0.775
"211574","ENVIRONMENTAL CLEAN TECH LTD",0.009,0.016,0.006,0.002
"211576","GLOBAL PETROLEUM LTD",0.0053,0.0031,0.0014,0.0021
"211585","SCHAFFER CORP",21.93,17.42,17.09,22.4
"212167","SKYCITY ENTERTAINMENT GROUP",3.2,2.71,1.93,1.38
"212381","AV JENNINGS LTD",0.605,0.42,0.395,0.31
"212413","ALKANE RESOURCES LTD",0.85,0.685,0.61,0.45
"212415","ALLIANCE RESOURCES LTD",0.165,NA,NA,NA
"212418","ASTRAL RESOURCES NL",0.08,0.078,0.084,0.12
"212427","FORTESCUE LTD",14.96,16.82,20.92,20.68
"212431","SCANTECH LTD",NA,NA,NA,NA
"212635","COCHLEAR LTD",220.4,194.54,255.32,282.09
"212644","SUNDANCE RESOURCES LTD",NA,NA,NA,NA
"212650","TRANSURBAN GROUP",14.16,12.34,12.69,13.13
"212653","WESTGOLD RESOURCES LTD",1.625,0.835,1.695,2.67
"212657","EQUUS MINING LTD",0.01,0.092,0.05,NA
"212658","LYNAS RARE EARTHS LIMITED",6.71,7.56,6.79,8.02
"213644","TITANIUM SANDS LTD",0.03,0.014,0.006,0.004
"214099","IGNITE LTD",0.095,0.088,0.052,0.08
"214644","TROY RESOURCES LTD",0.037,NA,NA,NA
"216480","TANAMI GOLD NL",0.072,0.0455,0.04,0.033
"217868","GREENX METALS LIMITED",0.27,0.275,0.975,0.67
"217874","HAWTHORN RESOURCES LTD",0.058,0.089,0.092,0.061
"217880","ADAVALE RESOURCES LTD",0.065,0.031,0.012,0.002
"220244","QANTAS AIRWAYS LTD",5.67,5.02,5.18,7.42
"221095","CARNEGIE CLEAN ENERGY LTD",0.003,0.002,0.002,0.038
"221178","ARIZONA LITHIUM LIMITED",0.045,0.078,0.015,0.015
"221190","SEAFARMS GROUP LTD",0.06,0.013,0.005,0.0025
"221464","CTI LOGISTICS LTD",0.92,1.3,1.51,1.77
"221613","JOYCE CORP LTD",3.16,3.6,3.01,4.01
"222202","TABCORP HOLDINGS LTD",4.91,0.935,0.94,0.505
"222301","CROWN RESORTS LTD",9.58,NA,NA,NA
"222761","AUCKLAND INTL AIRPORT LTD",7.82,7.2,7.91,7.47
"223003","CSL LTD",293.4,285.02,250.8,286.28
"226186","ZIMPLATS HOLDINGS LTD",20.45,24.44,23.2,16.2
"226744","RAMSAY HEALTH CARE LTD",69.62,57.28,51.87,41.62
"227297","CULLEN RESOURCES NL",0.017,NA,0.01,0.006
"231316","SILEX SYSTEMS LTD",1.3,2.98,3.5,4.3
"232041","AUSTAL LTD",1.88,2.28,1.88,2.91
"232102","SUREFIRE RESOURCES NL",0.014,0.013,0.014,0.007
"232122","MACQUARIE TECHNOLOGY GROUP",77.36,59.5,63.4,83.17
"234276","PENINSULA ENERGY LTD",0.21,0.165,0.145,0.094
"234498","WEBCENTRAL GROUP LTD",0.565,NA,NA,NA
"234876","BORAL LTD",6.14,2.67,4.45,NA
"235498","ADACEL TECHNOLOGIES LTD",1.265,0.69,0.56,0.495
"235645","CELSIUS RESOURCES LTD",0.025,0.014,0.012,0.012
"236836","FIRST LITHIUM LIMITED",0.2,0.17,0.245,NA
"237776","STREAMPLAY STUDIO LTD",0.022,0.013,0.007,0.007
"237805","MPOWER GROUP LTD",0.061,0.022,0.019,0.009
"241372","A2B AUSTRALIA LTD",1.34,1.16,1.63,NA
"241378","CLOUGH LTD",NA,NA,NA,NA
"241380","DOWNER EDI LTD",6.46,4.57,4.12,5.48
"241393","INFOMEDIA LTD",1.755,1.17,1.58,1.59
"241401","CITY CHIC COLLECTIVE LTD",6.5,1.31,0.38,0.135
"241405","HEALIUS LTD",4.8,3.37,2.3,1.725
"241406","ALTIUM LTD",35.52,34.43,43.21,NA
"241412","SERVCORP LTD",3.84,3.35,3.09,5.15
"242326","OPTISCAN IMAGING LTD",0.225,0.11,0.073,0.195
"242333","PRO MEDICUS LTD",54.61,50.19,83.39,178.25
"242334","CELLNET GROUP LTD",0.054,0.028,NA,NA
"242336","COLLECTION HOUSE LTD",0.17,NA,NA,NA
"242341","COMPUMEDICS LTD",0.415,0.245,0.185,0.3
"242369","HANSEN TECHNOLOGIES LTD",5.53,4.45,5.29,4.76
"242375","INTEGRATED RESEARCH LTD",1.65,0.3875,0.33,0.625
"242536","APA GROUP",8.72,9.59,8.3,7.76
"242587","INDIANA RESOURCES LTD",0.058,0.064,0.058,0.097
"242599","CONSTELLATION TECHNOLOGIES",0.011,0.005,0.002,0.002
"242607","LIVETILES LTD",0.13,0.0545,0.01,NA
"242645","BSA LTD",0.29,0.051,0.6,1.02
"242650","BREVILLE GROUP LTD",29.09,18.16,22,34.14
"242679","DATA3 LTD",4.79,6.25,7.08,7.58
"242682","WHITE ENERGY CO LTD",0.11,0.38,0.071,0.042
"242719","FLEETWOOD LTD",2.27,1.45,1.89,1.845
"242770","PROPHECY INTL HLDS LTD",0.55,0.82,0.605,0.65
"242795","MONADELPHOUS GROUP LTD",9.11,13.06,14.13,12.91
"242978","MOAB MINERALS LTD",0.012,0.014,0.01,0.004
"243008","OBJECTIVE CORP LTD",18.44,13.09,10.7,14.61
"243033","COAST ENTERTAINMENT HOLDINGS",1.63,0.52,0.47,0.45
"244396","AURIS MINERALS LTD",0.049,0.017,0.008,0.005
"244817","INSTITUTE OF DRUG TECH AU",0.65,0.096,0.061,0.115
"244819","RESPIRI LTD",0.069,0.04,0.034,0.036
"244820","PRESTAL HOLDINGS LIMITED",0.4,0.41,0.395,0.083
"245996","AJ LUCAS GROUP LTD",0.038,0.11,0.013,0.009
"246003","EXCELSIOR CAPITAL LTD",1.63,2.06,2.98,3.13
"246004","SEQUOIA FINANCIAL GROUP LTD",0.7,0.55,0.485,0.395
"246008","ALEXIUM INTERNATIONAL GROUP",0.071,0.021,0.016,0.011
"246010","GENETIC TECHNOLOGIES LIMITED",0.007,0.004,0.0025,0.039
"246015","EMERALD RESOURCES NL",0.96,1.075,2.7,3.86
"246017","POLYNOVO LTD",1.925,1.3,1.305,2.61
"246025","NEARMAP LTD",1.895,2.01,NA,NA
"246028","STARPHARMA HLDGS LTD",1.33,0.625,0.165,0.1
"246560","OVANTI LIMITED",0.275,0.062,0.041,0.004
"246838","GLOBE INTERNATIONAL LTD",6.02,3.45,3.05,3.75
"247299","WELLFULLY LTD",0.175,0.028,0.003,NA
"247359","CONNECTED MINERALS LIMITED",0.051,0.018,0.018,0.36
"247360","ANDROMEDA METALS LTD",0.155,0.044,0.021,0.007
"247361","AUSCANN GROUP HOLDINGS LTD",0.094,0.04,0.04,NA
"247362","ADMIRALTY RESOURCES NL",0.016,0.009,0.006,0.009
"247374","IMMURON LTD",0.145,0.086,0.078,0.105
"247375","ANALYTICA LTD",0.002,0.001,NA,NA
"247469","HITECH GROUP AUSTRALIA",2.15,1.98,1.895,1.95
"247496","MOUNT GIBSON IRON LTD",0.48,0.41,0.44,0.335
"247532","ENERGY TECHNOLOGIES LTD",0.135,0.063,0.04,0.035
"247537","BPH GLOBAL LTD",0.014,0.014,0.0015,0.003
"247575","BATTERY AGE MINERALS LTD",0.355,0.4,0.275,0.115
"247612","NT MINERALS LTD",0.063,0.018,0.009,0.004
"247687","COMET RESOURCES LTD",0.027,0.02,0.2,NA
"247733","MAXIPARTS LIMITED",3.9,2.16,2.81,1.84
"247737","LINDIAN RESOURCES LTD",0.032,0.325,0.215,0.105
"247757","MMA OFFSHORE LTD",0.395,0.69,1.39,NA
"247872","SRG GLOBAL LTD",0.51,0.67,0.655,1.11
"247879","STRANDLINE RESOURCES LTD",0.2,0.405,0.115,0.095
"247885","PALADIN ENERGY LTD",0.69,0.755,1.1,11.55
"247968","IMPELUS LTD",0.006,0.69,NA,NA
"247996","ANTEOTECH LTD",0.265,0.047,0.026,0.021
"248015","REA GROUP LTD",158.85,114.85,154.32,201
"248123","LEPIDICO LTD",0.023,0.022,0.0105,0.003
"248127","TAITON RESOURCES LIMITED",NA,NA,0.185,0.15
"248128","METALS AUSTRALIA LTD",0.002,0.043,0.034,0.024
"248130","AUSTPAC RESOURCES NL",0.002,0.002,NA,NA
"248134","MACRO METALS LIMITED",0.017,0.004,0.004,0.023
"248140","GREENSTONE RESOURCES LTD",0.026,0.065,0.009,NA
"248144","WISR LTD",0.265,0.058,0.031,0.027
"248146","COKAL LTD",0.145,0.23,0.125,0.08
"248148","BIOTRON LTD",0.052,0.047,0.068,0.019
"248766","DESIGN MILK CO LTD",0.4,0.3,0.3,NA
"248777","PROVINCE RESOURCES LTD",0.15,0.08,0.041,0.041
"248780","BIONOMICS LTD",0.17,0.052,2.7,0.4393
"248782","TRIVARX LIMITED",0.01,0.001,0.0015,0.019
"248783","EQUATORIAL RESOURCES LTD",0.215,0.19,0.155,0.12
"248785","BLAZE MINERALS LIMITED",0.023,0.02,0.011,0.004
"248789","DEVEX RESOURCES LTD",0.35,0.31,0.37,0.165
"248791","FBR LTD",0.036,0.042,0.027,0.05
"248802","MYECO GROUP LTD",0.295,0.095,0.05,0.018
"248804","STONEHORSE ENERGY LTD",0.022,0.017,0.016,0.009
"248808","SPORTS ENTERTAINMENT GRP LTD",0.23,0.25,0.23,0.255
"248809","CARNARVON ENERGY LIMITED",0.315,0.155,0.16,0.155
"248811","ODESSA MINERALS LIMITED",0.005,0.018,0.0125,0.004
"248816","CPT GLOBAL LTD",0.615,0.35,0.12,0.076
"248826","RESOURCE MINING CORP",0.028,0.12,0.043,0.013
"248831","BEONIC LIMITED",0.1,0.05,0.032,0.03
"248832","BLUE ENERGY LTD",0.055,0.054,0.013,0.009
"249486","EMBELTON LTD",12.5,10.5,10.5,8.6
"249488","CLINUVEL PHARMACEUTICALS LTD",42.86,18.58,14.71,14.02
"249491","EUMUNDI GROUP LTD",0.985,1.095,1.09,1.16
"249497","HELLOWORLD TRAVEL LTD",2.56,1.885,2.66,1.965
"249501","LINDSAY AUSTRALIA LTD",0.375,0.595,1.115,0.91
"249507","ALTERITY THERAPEUTICS LTD",0.03,0.013,0.007,0.003
"249508","INCOME ASSET MANAGEMENT GRP",0.34,0.15,0.12,NA
"249510","SDI LTD",1.02,0.82,0.8,0.93
"249513","NOUMI LIMITED",0.495,0.17,0.145,0.125
"249516","TAMAWOOD LTD",3.49,2.1,2.15,2.65
"249521","BIOXYNE LTD",0.023,0.026,0.014,0.013
"249523","BYTE POWER GROUP LTD",NA,NA,NA,NA
"249524","GLOBAL HEALTH LTD",0.35,0.325,0.17,0.14
"249525","EVZ LTD",0.155,0.205,0.145,0.16
"250468","AINSWORTH GAME TECHNOLOGY",1.24,0.87,1.215,NA
"251618","MEEKA METALS LIMITED",0.046,0.06,0.046,0.061
"251620","CONNEXION MOBILITY LTD",0.015,0.01,0.023,0.027
"252260","NOVA EYE MEDICAL LTD",0.395,0.21,0.195,0.1825
"252270","PPK GROUP LTD",15.32,1.46,0.82,0.395
"252274","SIPA RESOURCES LTD",0.058,0.05,0.02,0.015
"252290","BLUESCOPE STEEL LTD",20.5,15.19,19.44,22.2
"252538","PRESCIENT THERAPEUTICS LTD",0.26,0.18,0.056,0.041
"252585","GALE PACIFIC LTD",0.375,0.28,0.21,0.125
"252590","YOWIE GROUP LTD",0.044,0.049,0.034,0.025
"253299","AERIS ENVIRONMENTAL LTD",0.14,0.04,0.022,0.098
"253300","PERCHERON THERAPEUTICS LTD",0.205,0.0855,0.068,0.105
"253314","BOUNTY OIL & GAS NL",0.017,0.008,0.007,0.005
"253315","TOTAL BRAIN LTD",0.23,0.047,NA,NA
"253321","Q TECHNOLOGY GROUP LTD",0.004,NA,NA,NA
"253322","AMPLITUDE ENERGY LIMITED",0.27,0.255,0.12,0.185
"253324","CRYOSITE LTD",0.4,0.675,0.65,0.8
"253326","DE GREY MINING LTD",0.965,1.04,1.115,1.39
"253327","ZICOM GROUP LTD",0.11,0.065,0.057,0.068
"253334","STRATEGIC ENRGY RESOURCE LTD",0.035,0.018,0.0135,0.022
"253338","MINCOR RESOURCES NL",1.33,1.825,NA,NA
"253340","EV RESOURCES LIMITED",0.032,0.025,0.014,0.005
"253345","GALILEE ENERGY LTD",0.48,0.32,0.049,0.013
"253347","OPYL LTD",0.16,0.047,0.047,0.017
"253350","EVOLUTION MINING LTD",3.49,2.05,3.29,4.64
"253353","AROVELLA THERAPEUTICS LTD",0.047,0.035,0.068,0.155
"253356","INTELLIGENT MONITORING GROUP",0.005,0.06,0.205,0.72
"253357","NEURIZON THERAPEUTICS LTD",0.09,0.075,0.077,0.195
"253358","WESTERN AREAS LTD",3,NA,NA,NA
"253359","SUPPLY NETWORK LTD",8.25,10.24,15,30.5
"253361","AUSTRALIAN MINES LTD",0.023,0.069,0.013,0.007
"253362","KNEOMEDIA LTD",0.016,0.02,0.003,0.002
"253366","CARLY HOLDINGS LTD",0.058,0.038,0.017,0.013
"253370","WATERCO LTD",3.26,4.1,4.18,5.32
"253371","NUENERGY GAS LTD",0.029,0.018,0.031,0.021
"253373","POSEIDON NICKEL LTD",0.095,0.045,0.019,0.004
"253375","VIP GLOVES LTD",0.04,0.009,0.003,NA
"253380","DIGITAL X LTD",0.066,0.0335,0.029,0.042
"253381","MOSAIC BRANDS LTD",0.59,0.275,0.125,NA
"253383","NORWEST ENERGY NL",0.029,0.045,NA,NA
"253384","GOLDOZ LTD",1.8901,NA,NA,NA
"253385","TRIBUNE RESOURCES LTD",4.9,3.7,3.25,4.85
"253388","ELMORE LTD",0.018,0.025,0.005,NA
"253397","SWIFT NETWORKS GROUP LIMITED",0.022,0.012,0.019,0.015
"253398","DUBBER CORP LTD",3.57,0.555,0.145,0.03
"253402","ENVIRONMENTAL GROUP LTD",0.14,0.195,0.255,0.41
"253407","FIRST GRAPHENE LTD",0.18,0.11,0.054,0.047
"253411","SPIRIT TECHNOLOGY SOLUTIONS",0.235,0.064,0.042,0.057
"253413","3Q HOLDINGS LTD",NA,NA,NA,NA
"253419","SIHAYO GOLD LTD",0.009,0.003,0.0015,NA
"253425","IONIC RARE EARTHS LTD",0.035,0.043,0.023,0.008
"253426","BEAM COMMUNICATIONS HLDG LTD",0.265,0.26,0.17,0.14
"253427","SPACETALK LTD",0.23,0.056,0.021,0.022
"253430","FARM PRIDE FOODS LTD",0.32,0.13,0.14,0.105
"253431","AUSTRALIAN PACIFIC COAL LTD",0.15,0.4,0.12,0.17
"253433","STRIKE RESOURCES LTD",0.125,0.09,0.057,0.033
"253435","TASMAN RESOURCES LTD",0.028,0.018,0.006,0.005
"253436","FFI HOLDINGS LTD",6.6,4.95,4.5,4.3
"253439","RED HAWK MINING LIMITED",0.8,0.56,0.655,0.78
"253442","NUCOAL RESOURCES LTD",0.009,0.009,0.005,0.005
"253447","FOX RESOURCES LTD (AUSTRALIA",NA,NA,NA,NA
"253448","PROMINENCE ENERGY LTD",0.013,0.002,0.015,0.006
"253449","MANDRAKE RESOURCES LTD",0.053,0.038,0.04,0.028
"253455","JCURVE SOLUTIONS LTD",0.053,0.055,0.042,0.031
"253460","SKS TECHNOLOGIES GROUP LTD",0.18,0.23,0.19,1.54
"253461","ACADEMIES AUSTRALASIA GROUP",0.24,0.325,0.31,0.14
"253466","GATEWAY MINING LTD",0.018,0.087,0.029,0.0235
"253471","AUSTRALIAN ZIRCON NL",NA,NA,NA,NA
"253481","SITE GROUP INTERNATIONAL LTD",0.008,0.004,0.003,0.002
"253485","MOQ LTD",0.195,0.073,NA,NA
"253486","PANCONTINENTAL ENERGY NL",0.001,0.004,0.018,0.015
"253489","TOMIZONE LTD",0.002,NA,NA,NA
"253492","SUNSHINE METALS LTD",0.052,0.024,0.013,0.0135
"253496","ALLIANCE NICKEL LIMITED",0.06,0.105,0.066,0.042
"253498","RENT.COM.AU LTD",0.094,0.036,0.02,0.019
"253500","GOCONNECT LTD",NA,0.004,0.004,NA
"253501","PIEDMONT LITHIUM INC",54.46,60.05,13.32,NA
"253507","VARISCAN MINES LTD",0.057,0.024,0.015,0.009
"253509","GOLDEN CROSS RESOURCES LTD",0.019,0.01,0.0035,0.002
"253510","GOLDEN DEEPS LTD",0.011,0.015,0.056,0.038
"253511","PARAGON CARE LTD",0.305,0.33,0.17,NA
"253512","VONEX LTD",0.145,0.076,0.013,0.042
"253518","INVENTIS LTD",0.12,0.076,0.029,0.027
"253519","POLARX LTD",0.042,0.01,0.01,0.01
"253521","SPENDA LIMITED",0.056,0.012,0.01,0.01
"253522","GULLEWA LTD",0.089,0.06,0.055,0.065
"253523","IMMUTEP LTD",0.55,0.245,0.28,0.325
"253524","CYCLONE METALS LTD",0.005,0.002,0.001,0.001
"253526","HAMPTON HILL MINING NL",0.025,NA,NA,NA
"253528","DIMERIX LTD",0.3,0.16,0.061,0.375
"253544","QUESTE COMMUNICATIONS LTD",0.055,0.045,0.024,0.049
"253550","RAND MINING LTD",1.5,1.5,1.3,1.78
"253552","MELBANA ENERGY LTD",0.025,0.075,0.068,0.039
"253555","STAR PHOENIX GROUP LTD",0.0133,0.015,NA,NA
"253561","FREEHILL MINING LTD",0.028,0.015,0.004,0.006
"253563","RECTIFIER TECHNOLOGIES LTD",0.031,0.031,0.049,0.008
"253564","MANTLE MINERALS LIMITED",0.014,0.0045,0.002,0.0015
"253571","ICS GLOBAL LTD",2.19,2.19,NA,NA
"253575","NEOMETALS LTD",0.855,1.125,0.37,0.125
"253578","SAVANNAH GOLDFIELDS LIMITED",0.005,0.0055,0.07,NA
"253584","RIMFIRE PACIFIC MINING LTD",0.009,0.01,0.006,0.047
"253587","IMDEX LTD",2.32,1.785,1.555,2.36
"253592","IMUGENE LTD",0.48,0.18,0.046,0.049
"253596","IGO LTD",8.88,13.7,12.66,5.86
"253607","LATROBE MAGNESIUM LTD",0.029,0.078,0.044,0.032
"253608","SABRE RESOURCES",0.006,0.006,0.034,0.015
"253610","LAKE RESOURCES NL",0.615,0.895,0.18,0.041
"253611","PANORAMIC RESOURCES LTD",0.215,0.19,0.037,NA
"253612","THUNDERBIRD RESOURCES LTD",0.016,0.008,0.004,0.017
"253614","FITZROY RIVER CORP LTD",0.14,0.12,0.15,0.12
"253620","KALINA POWER LTD",0.03,0.017,0.008,0.016
"253621","JINDALEE LITHIUM LIMITED",2.36,2.33,1.75,0.25
"253637","RENU ENERGY LIMITED",0.048,0.042,0.029,0.002
"253638","MC MINING LTD",0.12,0.41,0.15,0.145
"253639","SCIDEV LIMITED",0.8,0.285,0.3,0.64
"253640","ICON ENERGY LTD (AUS)",0.013,0.014,0.01,0.006
"253641","MORELLA CORPORATION LIMITED",0.07,0.021,0.006,0.029
"253642","TIVAN LTD",0.085,0.079,0.08,0.047
"253647","TRANSMETRO CORP LTD",1.02,1.15,1.805,1.65
"254186","VAULT MINERALS LIMITED",0.21,0.19,0.265,0.325
"254382","PHARMX TECHNOLOGIES LIMITED",0.083,0.03,0.043,0.047
"254385","BABYLON PUMP & POWER LTD",0.014,0.0045,0.004,0.006
"254395","CADOUX LIMITED",0.825,0.145,0.07,0.065
"254396","HYDRIX LTD",0.13,0.059,0.026,0.013
"254665","WORLEY LTD",9.91,12.73,17.41,14.83
"254900","REACH RESOURCES LIMITED",0.009,0.007,0.014,0.013
"254903","CRATER GOLD MINING LTD",0.017,0.017,NA,NA
"254904","PACIFIC NICKEL MINES LTD",0.078,0.087,0.092,0.024
"254905","MITHRIL SILVER AND GOLD LTD",0.012,0.004,0.002,0.625
"254906","ORA BANDA MINING LTD",0.095,0.06,0.11,0.625
"254907","FIN RESOURCES LTD",0.042,0.022,0.012,0.005
"256011","HAMMER METALS LIMITED",0.061,0.05,0.046,0.035
"256402","REDCASTLE RESOURCES LIMITED",0.008,0.015,0.014,0.009
"256406","RAMELIUS RESOURCES LTD",1.335,0.715,1.435,2.2
"256407","LANTHANEIN RESOURCES LIMITED",0.018,0.038,0.008,0.004
"256540","AUSTCHINA HOLDINGS LTD",0.007,0.006,0.004,0.002
"256542","ADVANCED BRAKING TECH LTD",0.037,0.03,0.044,0.075
"256758","AWN HOLDINGS LTD",0.715,NA,NA,NA
"256982","BISALLOY STEEL GROUP LTD",1.585,2.23,2,3.35
"257660","PEAK MINERALS LTD",0.017,0.009,0.003,0.002
"257749","ZELIRA THERAPEUTICS LTD",0.039,1.3,0.98,0.75
"258190","QUANTUM HEALTH GROUP LTD",0.077,NA,NA,NA
"258440","KIP MCGRATH EDUCATION CENTRE",1.05,0.785,0.615,0.43
"258443","AF LEGAL GROUP LTD",0.445,0.225,0.21,0.125
"258647","BOOM LOGISTICS LTD",0.175,0.1425,0.115,0.14
"258858","JB HI-FI",45.52,37.96,45.42,79.94
"259002","CAZALY RESOURCES LTD",0.042,0.035,0.04,0.015
"259006","ORION MINERALS LTD",0.026,0.015,0.019,0.017
"259011","RED METAL LTD",0.1,0.075,0.082,0.1125
"259060","ARAFURA RARE EARTHS LIMITED",0.225,0.325,0.26,0.175
"259063","FREEDOM CARE GROUP HOLDINGS",0.064,4.608,NA,NA
"259069","LARK DISTILLING CO LTD",4.85,2.13,1.47,1
"259070","SYNERGIA ENERGY LTD",0.004,0.0025,0.0013,9e-04
"259073","SYNTARA LIMITED",0.13,0.078,0.033,0.043
"259076","TASSAL GROUP",3.52,5.17,NA,NA
"259077","JUPITER ENERGY LTD",0.045,0.025,0.018,0.027
"259101","IODM LTD",0.345,0.3,0.26,0.165
"259261","AUSQUEST LTD",0.019,0.019,0.013,0.011
"259267","CODAN LTD",12.77,5.67,7.9,16.12
"259418","BRIGHTSTAR RESOURCES LTD",0.034,0.021,0.011,0.017
"259424","REDIVIUM LIMITED",0.034,0.021,0.008,0.007
"259429","BLACK ROCK MINING LTD",0.19,0.15,0.085,0.051
"259433","ESSENTIAL METALS LTD",0.175,0.46,0.485,NA
"259435","TRAKA RESOURCES LTD",0.012,0.007,0.005,0.001
"259437","USCOM LTD",0.135,0.078,0.05,0.014
"259480","MEDICAL DEV INTL",5.18,1.68,0.85,0.44
"259622","TEN SIXTY FOUR LIMITED",0.7,0.64,0.57,NA
"259624","FERRAUS LTD",NA,NA,NA,NA
"259625","NTHN STAR RES LTD",8.5,7.83,10.46,15.97
"259626","VOLT RESOURCES LTD",0.034,0.024,0.007,0.0035
"259658","AUSTRALIAN AGRICULTURAL PROJ",0.032,0.023,0.02,0.036
"260379","BERKELEY ENERGIA LTD",0.305,0.28,0.38,0.36
"260380","BIODIEM LTD",NA,NA,NA,NA
"260390","GRAND GULF ENERGY LTD",0.039,0.015,0.008,0.004
"260398","AZURE MINERALS LTD",0.295,0.17,2.7,NA
"260483","CIRRUS NETWORKS HOLDINGS LTD",0.032,0.032,0.06,NA
"260559","DGR GLOBAL LTD",0.063,0.045,0.026,0.016
"260563","PANTORO LTD",0.205,0.165,0.037,0.115
"260564","SANDFIRE RESOURCES LTD",5.48,3.73,6.16,10.84
"260641","COGSTATE LTD",2.2,2.16,1.525,1.035
"260652","SKY METALS LTD",0.099,0.05,0.043,0.046
"270219","COMET RIDGE LTD",0.135,0.165,0.165,0.175
"270347","WHITEBARK ENERGY LTD",0.0035,0.002,0.025,0.008
"270418","REJECT SHOP LTD",6.35,4.15,5.7,3.21
"270457","SAYONA MINING LTD",0.175,0.235,0.093,0.035
"270502","SUPER RETAIL GROUP LTD",12.21,8.88,11.99,18.17
"270802","ENERO GROUP LTD",3.03,2.91,1.6,1.3
"270845","NICK SCALI LTD",11.36,9.28,11.08,16.6
"270850","CARDNO LTD",1.115,0.505,0.28,0.335
"270944","TALI DIGITAL LTD",0.032,0.003,0.001,0.001
"270947","METALS X LTD",0.37,0.265,0.355,NA
"271011","ACRUX LTD",0.125,0.057,0.039,0.056
"271153","LAND AND HOMES GROUP LTD",0.013,0.014,0.01,0.007
"271176","AUSTCO HEALTHCARE LTD",0.14,0.12,0.19,0.255
"271275","BMG RESOURCES LTD",0.075,0.02,0.011,0.01
"271277","ALGORAE PHARMACEUTICALS LTD",0.01,0.013,0.015,0.007
"271279","METEORIC RESOURCES NL",0.024,0.013,0.225,0.11
"271287","ANAX METALS LTD",0.099,0.056,0.036,0.022
"271291","WILDCAT RESOURCES LTD",0.031,0.032,0.445,0.285
"271293","MOUNT RIDLEY MINES LTD",0.007,0.005,0.0015,0.001
"271297","TENNANT MINERALS LIMITED",0.022,0.034,0.031,0.013
"271301","ALICE QUEEN LTD",0.01,0.0025,0.014,0.009
"271303","ELIXIR ENERGY LTD",0.255,0.16,0.066,0.175
"271309","BOAB METALS LTD",0.37,0.185,0.135,0.12
"271310","MAGGIE BEER HOLDINGS LTD",0.43,0.3,0.11,0.064
"271311","KAROON ENERGY LTD",1.555,1.82,2.64,NA
"271316","METALLICA MINERALS LTD",0.031,0.042,0.024,NA
"271317","EDU HOLDINGS LIMITED",0.115,0.16,0.1,NA
"271318","MINDAX LTD",0.051,0.059,0.05,0.045
"271320","K2 ENERGY LTD",0.02,0.018,0.01,NA
"271326","PERSEUS MINING LTD",1.4,1.52,1.645,2.61
"271329","PETRATHERM LTD",0.06,0.073,0.055,0.045
"271330","STRIKE ENERGY LTD",0.265,0.245,0.405,0.22
"271332","ASSOCIATE GLOBAL PARTNERS",0.85,0.44,0.21,0.14
"271334","SOMNOMED LTD",2.35,1.47,0.705,0.4
"271338","ACCENT GROUP LTD",2.24,1.28,1.96,2.38
"271339","INFOCUS GROUP HOLDINGS LTD",0.04,0.011,0.011,0.015
"271340","ROX RESOURCES LTD",0.375,0.265,0.235,0.135
"271411","MCMILLAN SHAKESPEARE LTD",14.6,12.88,16.11,15.33
"271530","METGASCO LTD",0.025,0.024,0.012,0.004
"271534","SERVICE STREAM LTD",0.89,0.68,0.93,1.52
"271607","MESOBLAST LTD",1.68,0.78,0.39,1.17
"271608","OTTO ENERGY LTD",0.011,0.012,0.02,0.013
"271729","VALMEC LTD",0.41,NA,NA,NA
"271731","DONACO INTERNATIONAL LTD",0.035,0.045,0.04,0.032
"271835","DATADOT TECHNOLOGY LTD",0.01,0.006,0.003,0.003
"272228","ADVANCE ZINCTEK LTD",3.56,2.13,0.96,0.78
"272233","AUSTIN ENGINEERING LTD",0.24,0.325,0.265,0.535
"272237","KALNORTH GOLD MINES LTD",0.013,NA,NA,NA
"272241","COPPER STRIKE LTD",0.084,0.11,0.155,0.155
"272243","MINOTAUR EXPLORATION LTD",0.098,NA,NA,NA
"272247","RESAPP HEALTH LTD",0.067,0.205,NA,NA
"272259","TRAFFIC TECHNOLOGIES LTD",0.035,0.015,0.012,0.004
"272288","GWR GROUP LTD",0.145,0.078,0.084,0.082
"272294","CAULDRON ENERGY LTD",0.032,0.012,0.013,0.02
"272520","VANGO MINING LTD",0.062,0.039,NA,NA
"272521","LYCOPODIUM LTD",4.43,6.81,9.21,12.3
"272602","RHIPE LTD",2.48,NA,NA,NA
"272604","NEURIZER LTD",0.105,0.135,0.037,0.004
"272672","PROVARIS ENERGY LTD",0.078,0.057,0.068,0.016
"272690","1300 SMILES LTD",8.1,NA,NA,NA
"272692","RAGNAR METALS LTD",0.04,0.028,0.024,0.018
"272696","PYC THERAPEUTICS LTD",0.14,0.068,0.057,0.17
"272726","RESOURCES AND ENERGY GROUP",0.046,0.019,0.015,0.026
"272763","POWER MINERALS LIMITED",0.425,0.485,0.25,0.125
"272775","SEEK LTD",31.12,19.17,22.07,24.85
"272783","AMBERTECH LTD",0.315,0.3,0.21,0.19
"272791","MATSA RESOURCES LTD",0.056,0.034,0.027,0.033
"272799","PAPYRUS AUSTRALIA LTD",0.051,0.038,0.025,0.007
"272802","IONDRIVE LIMITED",0.063,0.03,0.012,0.014
"272816","DECMIL GROUP LTD",0.355,0.17,0.17,NA
"272828","PRO-PAC PACKAGING LTD",0.2,0.3,0.275,0.05
"272832","FIELD SOLUTIONS HOLDINGS LTD",0.185,0.099,0.049,0.021
"272833","BANNERMAN ENERGY LTD",0.25,2.05,2.82,3.14
"272837","STELLAR RESOURCES LTD",0.031,0.015,0.012,0.017
"272847","CLEANAWAY WASTE MGMT LTD",2.76,2.71,2.43,2.94
"272954","GAS2GRID LTD",0.004,0.002,0.001,0.001
"272977","CANNINDAH RESOURCES LTD",0.135,0.22,0.115,0.042
"273011","DOMINOS PIZZA ENTERPRISES LT",160.46,51.52,53.18,35.45
"273035","CONDOR ENERGY LTD",0.026,0.003,0.014,0.033
"273070","SIV CAPITAL LTD",0.26,0.18,0.19,0.16
"273231","APOLLO CONSOLIDATED LTD",0.37,NA,NA,NA
"273250","CORAZON MINING LTD",0.036,0.015,0.012,0.005
"273502","RED RIVER RESOURCES LTD",0.17,0.08,NA,NA
"273809","BRAZILIAN CRITICAL MINERALS",0.205,0.061,0.026,0.012
"273819","ONCOSIL MEDICAL LTD",0.048,0.046,0.01,0.014
"273904","ACCENT RESOURCES NL",0.055,0.025,0.008,0.006
"273957","KORAB RESOURCES LTD",0.02,0.032,0.018,0.008
"274028","HIGHCOM LIMITED",0.365,0.46,0.32,0.19
"274058","NEW WORLD RESOURCES LTD",0.069,0.033,0.03,0.021
"274063","FIREFLY METALS LTD",0.075,0.042,0.032,1.065
"274258","VITAL METALS LTD",0.056,0.033,0.01,0.003
"274273","CUFE LTD",0.047,0.016,0.015,0.008
"274286","QUICKSTEP HOLDINGS LTD",0.045,0.42,0.255,0.265
"274315","GREENWING RESOURCES LTD",0.33,0.365,0.135,0.04
"274416","CARDIEX LTD",0.06,0.3,0.135,0.059
"274429","REGIONAL EXPRESS HLDGS LTD",1.5,1.32,0.995,NA
"274441","MAXIMUS RESOURCES LTD",0.084,0.047,0.029,0.045
"274453","MAGNIS ENERGY TECH LTD",0.31,0.37,0.074,NA
"274454","ARDIDEN LTD",0.013,0.0075,0.006,0.135
"274457","VITA GROUP LIMITED",0.785,0.12,NA,NA
"274466","ARROW MINERALS LTD",0.006,0.005,0.005,NA
"274487","AUB GROUP LTD",24.05,18.97,29.14,30.78
"274497","EUROPA METALS LTD",0.0765,0.026,0.0205,0.02
"274512","SOUTHERN CROSS MEDIA GROUP",2.17,0.92,0.76,0.48
"274582","TALISMAN MINING LTD",0.16,0.135,0.135,0.245
"274625","ODYSSEY GOLD LIMITED",0.087,0.033,0.02,0.023
"274627","MACH7 TECHNOLOGIES LTD",1.05,0.535,0.795,0.555
"274640","SEEING MACHINES LD",0.096,0.0535,0.0545,0.0475
"274740","GLOBE METALS & MINING LTD",0.1,0.072,0.038,0.04
"274741","ANAGENICS LIMITED",0.061,0.035,0.023,0.008
"274762","CLEAN SEAS SEAFOOD LTD",0.565,0.57,0.47,0.155
"274813","GLG CORP LTD",0.265,0.28,0.155,0.2
"274847","SAFEROADS HOLDINGS LTD",0.225,0.125,0.125,0.041
"274854","REVERSE CORP LTD",0.004,NA,NA,NA
"274905","BELLEVUE GOLD LTD",0.845,0.75,1.385,1.32
"274926","ARIKA RESOURCES LIMITED",0.01,0.004,0.002,0.028
"275101","TRIANGLE ENERGY (GLOBAL) LTD",0.019,0.014,0.018,0.005
"275186","EML PAYMENTS LTD",3.89,0.8,1.175,0.65
"275289","THE A2 MILK COMPANY LTD",6.43,6.12,4.56,6.85
"275290","KILAND LTD",1.19,1.3,1.915,NA
"275342","EVE HEALTH GROUP LIMITED",0.004,0.001,0.001,0.001
"275465","VDM GROUP LTD",0.002,0.001,0.001,NA
"275521","RED HILL MINERALS LTD",3.94,3.67,4.7,3.8
"275680","CENTRAL PETROLEUM LTD",0.11,0.085,0.052,0.0545
"275872","CHALICE MINING LTD",6.39,3.93,2.32,1.54
"275874","ENCOUNTER RESOURCES",0.22,0.12,0.295,0.45
"275895","TERRAIN MINERALS LTD",0.009,0.007,0.005,0.0045
"275903","ENECO REFRESH LTD",0.031,0.016,0.023,0.01
"276539","STRICKLAND METALS LTD",0.057,0.04,0.069,0.095
"276547","MAGNETITE MINES LTD",0.025,0.025,0.295,0.19
"276602","ACTIVEX LIMITED",0.14,0.032,0.016,0.005
"276762","CAP-XX",0.057,0.04,0.0148,0.0018
"277181","CASTLE MINERALS LTD",0.013,0.025,0.0095,0.003
"277182","LORD RESOURCES LIMITED",NA,0.28,0.07,0.032
"277364","LUMIRA ENERGY LIMITED",NA,NA,NA,NA
"277589","PRAEMIUM LTD",1.075,0.67,0.595,0.585
"277807","A-CAP ENERGY LTD",0.077,0.074,0.072,NA
"277809","SKY AND SPACE COMPANY LTD",NA,NA,NA,NA
"277814","SYMBIO HOLDINGS LTD",6.64,3.18,2.64,NA
"277854","PLATINA RESOURCES LIMITED",0.064,0.021,0.027,0.021
"277902","AURA ENERGY LTD",0.21,0.31,0.34,0.17
"277955","EDEN INNOVATIONS LTD",0.021,0.0095,0.003,0.002
"277956","EQ RESOURCES LTD",0.067,0.048,0.074,0.051
"278101","CAPITOL HEALTH LTD",0.37,0.315,0.21,0.365
"278110","REY RESOURCES LTD",0.19,0.12,0.18,0.036
"278186","RETAIL FOOD GROUP LTD",0.078,0.053,0.051,0.067
"278196","NAGAMBIE RESOURCES LTD",0.074,0.083,0.021,0.015
"278209","BRAVURA SOLUTIONS LTD",3.08,1.23,0.745,1.375
"278229","AUSTRALIAN DAIRY NUTRITIONAL",0.054,0.068,0.018,0.018
"278405","CENTREX LIMITED",0.045,0.14,0.074,0.04
"278452","AXP ENERGY LIMITED",0.007,0.005,0.001,0.001
"278457","GLADIATOR RESOURCES LTD",0.037,0.017,0.023,0.017
"278526","CATALYST METALS LTD",1.88,1.29,0.565,2.75
"278546","EMECO HOLDINGS LTD",1.055,0.83,0.63,0.76
"278576","INVESTOR CENTRE LIMITED",0.029,0.054,0.042,0.006
"278579","REDSTONE RESOURCES LTD",0.011,0.007,0.009,0.004
"278629","CASSIUS MINING LTD",0.019,0.035,0.031,0.006
"278652","CLEVER CULTURE SYSTEMS LTD",0.12,0.083,0.011,0.016
"278671","IRONBARK ZINC LTD",0.039,0.014,0.007,0.002
"278749","CZR RESOURCES LTD",0.008,0.017,0.145,0.275
"278786","AMA GROUP LTD",0.445,0.23,0.042,0.057
"278953","COGENT DEVELOPMENT GROUP LTD",0.011,0.011,0.011,NA
"279175","BLUGLASS LTD",0.034,0.029,0.039,0.025
"279180","CRITICA LIMITED",0.052,0.023,0.01,0.015
"279213","WILUNA MINING CORP LTD",1.005,0.205,NA,NA
"279314","TUNGSTEN METALS GROUP LTD",NA,NA,NA,NA
"279350","AVENIRA LTD",0.008,0.012,0.011,0.011
"279407","BEACON MINERALS LTD",0.031,0.025,0.025,0.022
"279419","EMPEROR ENERGY LTD",0.048,0.035,0.013,0.017
"279428","PATERSON RESOURCES LTD",0.048,0.032,0.031,0.019
"279456","EVEREST METALS CORPORATION",0.005,0.0025,0.1175,NA
"279626","DREADNOUGHT RESOURCES LTD",0.036,0.097,0.047,0.016
"281423","NEW AGE EXPLORATION LTD",0.012,0.008,0.006,0.006
"281428","CARAVEL MINERALS LTD",0.38,0.205,0.16,0.18
"281429","SWICK MINING SERVICES LTD",0.285,NA,NA,NA
"281439","SALT LAKE POTASH LTD",0.31,NA,NA,NA
"281462","WALKABOUT RESOURCES LTD",0.2,0.215,0.115,0.1
"281479","ELEMENT 25 LTD",1.87,0.755,0.41,0.335
"281517","RENEGADE EXPLORATION LTD",0.007,0.006,0.01,0.009
"281519","PROBIOTEC LIMITED",2.2,2.2,2.64,NA
"281520","XRF SCIENTIFIC LTD",0.66,0.655,1.02,1.68
"281532","NORTHERN MINERALS LTD",0.043,0.041,0.029,0.02
"281658","PEAK RARE EARTHS LIMITED",0.091,0.435,0.375,0.19
"281668","IMPACT MINERALS LTD",0.015,0.007,0.013,0.013
"281755","ATHENA RESOURCES LTD",0.02,0.009,0.006,0.006
"281762","ARGO EXPLORATION LTD",NA,NA,NA,NA
"281805","GOOD DRINKS AUSTRALIA LTD",0.09,0.73,0.41,0.265
"281815","AMANI GOLD LTD",0.001,0.0015,0.001,0.001
"281816","ENGENCO LTD",0.49,0.415,0.305,0.185
"282001","BCI MINERALS LTD",0.39,0.225,0.265,0.29
"282003","FIREFLY RESOURCES LTD",0.1,NA,NA,NA
"282037","PTB GROUP LTD",0.955,1.575,NA,NA
"282038","BUDDY TECHNOLOGIES LTD",0.019,NA,NA,NA
"282091","ARGENT BIOPHARMA LIMITED",0.061,0.015,0.002,0.35
"282092","PROTEAN ENERGY LTD",0.01,0.008,0.008,0.008
"282142","LIONTOWN RESOURCES LTD",1.44,1.49,2.94,0.805
"282223","SMART PARKING LTD",0.2,0.23,0.33,0.59
"282303","ENERGY ONE LTD",5.31,4.9,5.39,5.01
"282353","SOVEREIGN METALS LTD",0.5,0.375,0.41,0.715
"282372","SILVER MINES LTD",0.185,0.165,0.17,0.091
"282382","QUBE HOLDINGS LTD",3.3,2.48,2.87,3.95
"282461","EMPIRE RESOURCES LTD",0.012,0.008,0.004,0.003
"282481","RBR GROUP LTD",0.006,0.004,0.003,0.001
"282583","ASPIRE MINING LTD",0.08,0.1,0.09,NA
"282852","NEXUS MINERALS LTD",0.32,0.205,0.05,0.046
"282939","AUSTRALIAN VANADIUM LTD",0.023,0.034,0.029,0.014
"282963","CREAT RESOURCES HOLDINGS LTD",NA,NA,NA,NA
"282971","LINCOLN MINERALS LTD",0.008,0.008,0.006,0.006
"283014","ARTEMIS RESOURCES LTD",0.082,0.049,0.028,0.013
"283452","SUNSTONE METALS LTD",0.022,0.036,0.017,0.005
"283454","CARNAVALE RESOURCES LTD",0.006,0.007,0.007,0.004
"283459","SCORPION MINERALS LTD",0.059,0.073,0.055,0.019
"284142","HIGH PEAK ROYALTIES LTD",0.052,0.066,0.065,0.063
"284182","INVESTIGATOR RESOURCES LTD",0.059,0.043,0.039,0.037
"284209","MAGNETIC RESOURCES",1.64,0.965,0.8,1.325
"284312","VIRIDIS MINING AND MINERALS",NA,0.27,0.85,0.705
"284393","XREF LTD",0.535,0.31,0.2,0.15
"284447","ADELONG GOLD LIMITED",0.004,0.001,0.007,0.004
"284464","KASBAH RESOURCES LTD",NA,NA,NA,NA
"284465","KEY PETROLEUM LTD",0.003,0.0015,0.0015,0.001
"284527","AURELIA METALS LTD",0.3,0.2,0.089,0.175
"284611","OKLO RESOURCES LTD",0.115,NA,NA,NA
"284619","NANOSONICS LTD",6.31,3.46,4.22,3.69
"284635","DEVELOP GLOBAL LIMITED",0.52,2.51,3.45,2.48
"284647","DART MINING NL",0.12,0.074,0.021,0.016
"284658","MEMPHASYS LTD",0.066,0.018,0.013,0.009
"284661","PEEL MINING LTD",0.25,0.15,0.12,0.11
"284683","SLATER & GORDON LTD",0.755,0.53,NA,NA
"284698","3D ENERGI LIMITED",0.057,0.053,0.056,0.07
"284712","ALARA RESOURCES LTD",0.018,0.039,0.036,0.035
"284760","ZENITH MINERALS LTD",0.205,0.28,0.11,0.049
"284805","ASCIANO LTD",NA,NA,NA,NA
"284808","WHITEHAVEN COAL LIMITED",3.23,9.01,7.11,7.22
"284813","CHESSER RESOURCES LTD",0.14,0.079,0.105,NA
"284824","WESTERN YILGARN NL",0.003,0.125,0.092,0.025
"284905","TRUSCOTT MINING CORP",0.03,0.033,0.058,0.072
"284961","VENUS METALS CORP LTD",0.185,0.15,0.125,0.061
"285012","AEON METALS LTD",0.057,0.03,0.015,NA
"285044","ADELAIDE ENERGY LTD",NA,NA,NA,NA
"285070","GREAT WESTERN EXPLORATION",0.19,0.0695,0.045,0.034
"285096","CONICO LTD",0.05,0.038,0.006,0.002
"285130","ENTERPRISE METALS LTD",0.014,0.011,0.004,0.004
"285158","REEDY LAGOON CORP LTD",0.025,0.014,0.006,0.003
"285191","VICTORY METALS LIMITED",0.22,0.175,0.185,0.385
"285229","VGI HEALTH TECHNOLOGY LIMITE",0.25,0.03,0.02,0.02
"285235","MAYNE PHARMA GROUP LTD",0.285,0.275,3.25,4.59
"285244","INTRA ENERGY CORP LTD",0.009,0.007,0.005,0.001
"285335","TYRANNA RESOURCES LTD",0.007,0.043,0.017,0.005
"285352","PATRYS LTD",0.043,0.02,0.007,0.006
"285372","TPC CONSOLIDATED LTD",3.25,2.9,5.26,10.05
"285491","BOSS ENERGY LIMITED",0.235,2.64,4.85,3.29
"285561","DRAGON MOUNTAIN GOLD LTD",0.02,0.012,0.009,0.006
"285605","MINT PAYMENTS LTD",NA,NA,NA,NA
"285849","XTC LITHIUM LIMITED",0.002,0.008,0.001,NA
"285927","ARCHER MATERIALS LTD",1.735,0.785,0.475,0.225
"285929","RAREX LTD",0.1,0.057,0.033,0.012
"285933","NEW STANDARD ENERGY LIMITED",NA,NA,NA,NA
"285947","HEXIMA LTD",0.485,0.015,0.022,0.017
"286001","NRW HOLDINGS LTD",1.565,2.38,2.71,3.58
"286231","KING RIVER RESOURCES LTD",0.027,0.015,0.0095,0.009
"286427","AGRIMIN LTD",0.475,0.365,0.195,0.16
"286456","REX MINERALS LTD",0.25,0.21,0.17,0.465
"286869","ACTINOGEN MEDICAL LTD",0.125,0.089,0.02,0.024
"286872","AUSTRALIAN SILICA QUARTZ GRP",0.085,0.065,0.05,0.022
"286933","ALPHA HPA LTD",0.505,0.43,0.775,1.105
"286936","EMPIRED LTD",1.34,NA,NA,NA
"286943","CONSOLIDATED FINANCIAL HLDGS",0.037,0.037,NA,NA
"286945","PILBARA MINERALS LTD",2.05,4.56,4.3,3.27
"286987","IMPEDIMED LTD",0.125,0.063,0.175,0.056
"286990","GBM RESOURCES LTD",0.115,0.038,0.015,0.009
"287178","APOLLO MINERALS LTD",0.096,0.053,0.027,0.025
"287232","SUNRISE ENERGY METALS LTD",1.59,2.4,0.77,0.415
"287251","SUPERIOR RESOURCES LTD",0.013,0.049,0.025,0.008
"287272","HAWSONS IRON LTD",0.079,0.4,0.041,0.026
"287277","HRL HOLDINGS LTD",0.115,NA,NA,NA
"287279","SILVER LAKE RESOURCES LTD",1.34,1.18,0.845,NA
"287291","GREEN CRITICAL MINERALS LTD",0.018,0.012,0.007,0.002
"287411","MARMOTA LTD",0.046,0.0495,0.035,0.0365
"287417","RHINOMED LTD",0.33,0.155,0.036,NA
"287431","SOUTHERN CROSS ELEC ENGR",0.64,0.65,0.81,1.835
"287470","ALCHEMY RESOURCES LTD",0.013,0.027,0.0115,0.008
"287496","ALLKEM LIMITED",8.69,13.85,11.76,NA
"287503","CHALLENGER GOLD LTD",0.3,0.155,0.08,NA
"287504","MALLEE RESOURCES LIMITED",0.7,0.7,NA,NA
"287580","SAUNDERS INTL LTD",0.77,1,1.01,0.89
"287595","ALLEGRA MEDICAL TECHNOLOGIES",0.23,0.093,0.061,NA
"287617","LATITUDE 66 LTD",0.005,0.004,0.0025,NA
"287624","KINGSROSE MINING LIMITED",0.048,0.052,0.048,0.037
"287628","BARDOC GOLD LTD",0.046,NA,NA,NA
"287633","NEX METALS EXPLORATION LTD",0.041,0.035,0.014,0.043
"287690","TASMEA LIMITED",NA,NA,NA,2.15
"287692","EMMERSON RESOURCES LTD",0.066,NA,0.063,0.043
"287856","CANN GLOBAL LTD",0.004,0.021,NA,NA
"287866","SCOTGOLD RESOURCES LTD",0.86,0.62,NA,NA
"287875","E79 GOLD MINES LIMITED",NA,0.1,0.07,0.028
"287877","SI6 METALS LIMITED",0.012,0.006,0.008,0.001
"287890","LASERBOND LIMITED",0.94,0.8,0.845,0.64
"287926","EAST ENERGY RESOURCES LTD",0.036,NA,NA,NA
"287929","WEST WITS MINING LTD",0.044,0.016,0.014,0.015
"288074","JATCORP LTD",0.0145,0.013,0.3,0.79
"288165","ENVIROSUITE LTD",0.17,0.12,0.06,0.079
"288225","LODESTAR MINERALS LTD",0.009,0.006,0.006,0.001
"288405","AGUIA RESOURCES LTD",0.046,0.051,0.016,0.041
"288470","K2FLY LTD",0.285,0.19,0.082,0.1875
"288489","VYSARN LTD",0.079,0.077,0.185,0.5
"288515","QPM ENERGY LTD",0.27,0.125,0.069,0.036
"288553","POINTERRA LTD",0.475,0.205,0.089,0.049
"288906","VIMY RESOURCES LTD",0.195,NA,NA,NA
"288922","RPMGLOBAL HOLDINGS LTD",1.945,1.52,1.5,3
"288926","EASTERN RESOURCES LIMITED",0.038,0.031,0.01,0.004
"289078","INCA MINERALS LTD",0.14,0.041,0.017,0.005
"289148","MY REWARDS INTERNATIONAL LTD",NA,0.063,0.009,0.009
"289157","GIBB RIVER DIAMONDS LTD",0.076,0.055,0.027,0.038
"289302","VERIS LTD",0.064,0.09,0.075,0.044
"289337","SPRINTEX LTD",0.075,0.037,0.018,0.07
"289353","CAPRICORN METALS LTD",2.13,3,4.12,5.75
"289362","TMK ENERGY LIMITED",0.011,0.014,0.003,NA
"289477","FENIX RESOURCES LTD",0.21,0.245,0.225,0.295
"289489","PEPPERMINT INNOVATION LTD",0.011,0.013,0.011,0.006
"289501","IRON ROAD LTD",0.175,0.155,0.081,0.07
"289578","ACROW LIMITED",0.39,0.5,0.86,1.09
"289658","PURSUIT MINERALS LTD",0.042,0.0115,0.009,0.002
"289969","BASE RESOURCES LTD",0.26,0.285,0.17,0.255
"290241","HEXAGON ENERGY MATERIALS LTD",0.075,0.017,0.009,0.023
"290311","WHITE CLIFF MINERALS LTD",0.013,0.02,0.011,0.02
"290315","ARGENT MINERALS",0.026,0.019,0.011,0.018
"290317","MANHATTAN CORP LTD",0.012,0.008,0.007,0.0015
"290320","PNX METALS LTD",0.006,0.004,0.0025,NA
"290323","EMU NL",0.03,0.008,0.0025,0.023
"290324","HASTINGS TECH METALS LTD",0.25,3.46,0.725,0.29
"290327","AVZ MINERALS LTD",0.335,0.78,0.78,NA
"290328","GENESIS MINERALS LTD",0.135,1,1.385,2.06
"290330","CYNATA THERAPEUTICS LTD",0.58,0.315,0.13,0.215
"290338","BUXTON RESOURCES",0.069,0.096,0.21,0.062
"290341","IONEER LTD",0.63,0.635,0.225,0.23
"290342","COPPERMOLY LIMITED",0.011,0.011,0.012,0.011
"290347","GREAT NORTHERN MINERALS LTD",0.009,0.004,0.024,0.016
"290351","DGO GOLD LTD",2.74,NA,NA,NA
"290357","LIVIUM LTD",0.12,0.056,0.034,0.021
"291150","CREDIT INTELLIGENCE LTD",0.0145,0.115,0.145,0.11
"291380","NELSON RESOURCES LTD",0.04,0.014,0.006,0.003
"291383","JAMESON RESOURCES LTD",0.08,0.07,0.051,0.057
"291384","RESOURCE BASE LTD",0.215,0.105,0.14,0.034
"291421","LOTUS RESOURCES LTD",0.235,0.225,0.275,0.265
"291797","AUSMON RESOURCES LTD",0.007,0.008,0.0035,0.003
"292550","NEXTED GROUP LTD",0.13,0.215,0.925,0.11
"292734","CAR GROUP LTD",25.34,18.81,27.94,37.46
"293020","ZEOTECH LTD",0.09,0.041,0.054,0.031
"293083","GENESIS RESOURCES LTD",0.016,0.011,0.005,0.005
"293160","OCTANEX LTD",0.031,0.019,NA,NA
"293250","MATRIX COMPOSITES",0.16,0.225,0.27,0.35
"293447","PEAKO LTD",0.029,0.019,0.006,0.004
"293455","PROSPECT RESOURCES LTD",0.43,0.11,0.077,0.093
"293547","SPARTAN RESOURCES LIMITED",0.375,0.26,0.405,1.44
"293575","ASTIVITALTD",0.75,NA,NA,NA
"293577","AUSGOLD LTD",0.036,0.042,0.032,0.475
"293583","PHOSCO LTD",0.08,0.1425,0.049,0.04
"293625","ELEMENTOS LTD",0.025,0.29,0.13,0.087
"293641","ALTAMIN LIMITED",0.081,0.083,0.065,0.03
"293788","OAKAJEE CORP LTD",0.057,0.03,0.026,0.01
"293850","ALTECH BATTERIES LIMITED",0.064,0.093,0.069,0.038
"293990","INVION LTD",0.014,0.013,0.005,0.003
"294022","CATALINA RESOURCES LTD",0.01,0.008,0.005,0.004
"294057","EARLYPAY LTD",0.455,0.44,0.255,0.185
"294132","NUHEARA LTD",0.027,0.21,0.155,NA
"294531","HOT CHILI LTD",0.037,0.91,1.2,0.865
"294572","METAROCK GROUP LTD",0.96,0.315,0.11,0.19
"294612","VIKING MINES LTD",0.015,0.007,0.01,0.008
"294867","CANYON RESOURCES LTD",0.086,0.047,0.048,0.096
"295007","ANSON RESOURCES LTD",0.09,0.295,0.14,0.077
"295010","TALGA GROUP LTD",1.45,1.27,1.195,0.395
"295014","JACKA RESOURCES LTD",NA,NA,NA,NA
"295055","RAGUSA MINERALS LTD",0.094,0.345,0.038,0.018
"295119","TERRACOM LTD",0.165,1.025,0.445,0.205
"295125","ARUMA  RESOURCES LTD",0.091,0.056,0.036,0.016
"295276","ZULEIKA GOLD LTD",0.023,0.018,0.011,0.013
"295280","G11 RESOURCES LIMITED",0.024,0.025,0.024,0.018
"295430","REDHILL EDUCATION LTD",1.04,NA,NA,NA
"295552","WHITE ROCK MINERALS LTD",0.28,0.075,NA,NA
"295615","MINBOS RESOURCES LTD",0.13,0.099,0.092,NA
"295646","CLARA RESOURCES AUSTRALIA",0.001,0.001,0.023,0.009
"295795","MACA LTD",0.655,1.075,NA,NA
"295880","ST GEORGE MINING LTD",0.069,0.036,0.04,0.035
"295910","AURIZON HOLDINGS LTD",3.79,3.45,3.49,3.53
"295976","FMR RESOURCES LIMITED",0.006,0.002,0.016,0.17
"296008","PREDICTIVE DISCOVERY LTD",0.24,0.185,0.19,0.26
"296025","EUROPEAN LITHIUM LTD",0.105,0.077,0.076,0.037
"296027","YOJEE LTD",0.2,0.059,0.009,0.083
"296068","INDOCHINE MINING LTD",NA,NA,NA,NA
"296254","NEXTDC LTD",12.03,8.82,12.39,17.5
"296276","CASTILLO COPPER LTD",0.036,0.017,0.008,0.004
"296278","RENASCOR RESOURCES LTD",0.135,0.185,0.125,0.081
"296280","CORPORATE TRAVEL MGMT LTD",24.45,16.74,16.85,12.9
"296289","REDFLOW LTD",0.0595,0.039,0.22,NA
"296300","MIDDLE ISLAND RESOURCES LTD",0.095,0.068,0.024,0.016
"296306","THOMSON RESOURCES LTD",0.091,0.02,0.005,0.005
"296321","ECHO IQ LIMITED",0.18,0.165,0.195,0.225
"296352","SHEFFIELD RESOURCES LTD",0.325,0.4,0.47,0.31
"296392","BULLETIN RESOURCES LTD",0.067,0.115,0.079,0.048
"296409","PURIFLOH LTD",1.63,0.27,0.22,0.22
"296489","NETLINKZ LTD",0.02,0.016,0.008,0.003
"296539","NEW CENTURY RESOURCES LTD",0.155,1.07,NA,NA
"296578","AERIS RESOURCES LTD",0.165,0.42,0.18,0.235
"296793","ALLIGATOR ENERGY LTD",0.068,0.056,0.054,0.05
"296880","QX RESOURCES LTD",0.018,0.045,0.024,0.007
"296881","AMERICAN RARE EARTHS LTD",0.195,0.21,0.15,0.2925
"296882","ECLIPSE METALS LTD",0.06,0.0215,0.013,0.006
"296911","VRX SILICA LTD",0.215,0.145,0.11,0.042
"297001","WIA GOLD LIMITED",0.039,0.057,0.04,0.145
"297191","METALBANK LTD",0.009,0.0035,0.039,0.019
"297237","NEWPEAK METALS LTD",0.002,0.001,0.001,0.013
"297260","GREAT SOUTHERN MINING LTD",0.053,0.033,0.023,0.019
"297267","INFINITY LITHIUM CORP LTD",0.125,0.18,0.08,0.033
"297276","GR ENGINEERING SERVICES LTD",1.78,2.1,2.19,2.02
"297281","ANTIPA MINERALS LTD",0.047,0.026,0.013,0.024
"297347","MUSGRAVE MINERALS LTD",0.3,0.255,0.39,NA
"297352","TREASURY WINE ESTATES LTD",12.41,12.57,12.33,12
"297512","WARRIEDAR RESOURCES LIMITED",0.021,0.016,0.068,0.06
"297614","ARK MINES LTD",0.034,0.26,0.175,0.185
"297802","MOTIO LTD",0.075,0.044,0.026,0.026
"297813","FIRSTWAVE CLOUD TECH LTD",0.075,0.04,0.055,0.028
"297816","PARKWAY CORPORATE LTD",0.012,0.008,0.012,0.011
"297860","RESOURCE DEVELOPMENT GP-OLD",NA,NA,NA,NA
"297921","THE STAR ENTERTAINMENT GROUP",4.47,2.58,0.61,0.295
"298051","MRG METALS LTD",0.0105,0.006,0.002,0.0035
"298064","BLUECHIIP LTD",0.03,0.032,0.025,0.003
"298137","ASSETOWL LTD",0.005,0.0015,0.001,0.001
"298142","ASTON MINERALS LIMITED",0.12,0.084,0.03,0.014
"298143","MEDADVISOR LTD",0.3,0.14,0.23,0.425
"298147","THETA GOLD MINES LTD",0.19,0.066,0.125,0.17
"298148","NAVARRE MINERALS LTD",0.097,0.045,0.019,0.019
"298205","ALCIDION GROUP LTD",0.355,0.1275,0.11,0.062
"298262","AUDALIA RESOURCES LTD",0.01,0.012,0.012,0.018
"298267","AUSTIN METALS LTD",0.042,0.008,0.007,0.004
"298404","KINETIKO ENERGY LTD",0.096,0.0935,0.11,0.095
"298427","LINIUS TECHNOLOGIES LTD",0.024,0.003,0.0025,0.0015
"298471","MITCHELL SERVICES LTD",0.475,0.37,0.35,0.4
"298637","AUCTUS INVESTMENT GROUP LTD",1.25,1.025,0.72,0.55
"298640","STRATEGIC ELEMENTS LTD",0.275,0.15,0.087,0.039
"298675","BEGA CHEESE LTD",5.38,3.46,2.52,5.26
"299587","RED MOUNTAIN MINING LTD",0.009,0.0065,0.004,0.001
"299588","FUTURE BATTERY MINERALS LTD",0.165,0.063,0.115,0.02
"299687","GOLD MOUNTAIN LTD",0.02,0.007,0.005,0.003
"300787","AUSTRALIA UNITED MINING LTD",0.009,0.004,0.003,0.002
"301387","ENSURANCE LTD",0.24,0.23,0.27,NA
"303689","ENERGY ACTION LTD",0.32,0.135,0.195,0.34
"304129","CORE LITHIUM LTD",0.425,1.105,0.405,0.13
"304887","DATELINE RESOURCES LTD",0.088,0.082,0.012,0.005
"304888","GALAN LITHIUM LTD",1.01,1.195,0.655,0.12
"305088","RUMBLE RESOURCES LTD",0.435,0.25,0.11,0.044
"307989","COUNTY INTERNATIONAL LTD",0.047,NA,NA,NA
"308388","CHORUS LTD",6.4,6.59,7.07,7.95
"310593","AUMAKE LIMITED",0.024,0.005,0.004,0.008
"311355","ALLIANCE AVIATION SERVICES",4.26,3.1,3.25,3.1
"311522","INVICTUS ENERGY LTD",0.15,0.185,0.15,0.077
"311604","TARUGA MINERALS LTD",0.05,0.029,0.009,0.01
"312231","CIVMEC LIMITED",0.585,0.605,0.805,0.935
"312461","ARMOUR ENERGY LTD",0.0245,0.007,0.12,NA
"312739","BREAKER RESOURCES NL",0.285,0.21,NA,NA
"312825","HELIOS ENERGY LTD",0.14,0.083,0.052,0.016
"313544","RIEDEL RESOURCES LTD",0.014,0.007,0.0055,0.001
"313546","ALLEGIANCE COAL LTD",0.635,0.086,NA,NA
"313552","DISCOVERY ALASKA LIMITED",0.042,0.065,0.019,0.01
"313553","MINREX RESOURCES LTD",0.016,0.044,0.014,0.008
"313556","MCS SERVICES LTD",0.06,0.042,0.02,0.004
"313560","LOCALITY PLANNING ENERGY HOL",0.185,0.06,0.045,0.13
"313561","ALTAIR MINERALS LIMITED",0.018,0.007,0.003,0.004
"313562","EARTHS ENERGY LIMITED",0.037,0.041,0.041,0.018
"313565","EUROPEAN METALS HOLDINGS LTD",1.39,0.73,0.695,0.155
"313567","ESTRELLA RESOURCES LTD",0.037,0.012,0.008,0.01
"313838","JAVELIN MINERALS LIMITED",0.002,0.001,0.001,0.003
"313843","ALICANTO MINERALS LTD",0.1125,0.042,0.045,0.027
"314039","NEWFIELD RESOURCES LTD",0.44,0.42,0.15,0.089
"314073","DACIAN GOLD LTD",0.195,0.091,0.105,NA
"314091","SANTA FE MINERALS LTD",0.085,0.085,0.044,0.037
"314499","TUNGSTEN MINING NL",0.135,0.081,0.07,0.057
"314536","TERRA METALS LTD",0.041,0.04,0.053,0.038
"314584","BURGUNDY DIAMOND MINES LTD",0.22,0.195,0.18,NA
"314650","4DS MEMORY LTD",0.14,0.025,0.135,0.084
"314652","ECOGRAF LTD",0.705,0.32,0.11,0.092
"314709","ORECORP LTD",0.655,0.365,0.49,NA
"314712","BOADICEA RESOURCES LTD",0.18,0.105,0.04,0.019
"314718","ZEUS RESOURCES LTD",0.089,0.089,0.015,0.009
"314729","XREALITY GROUP LIMITED",0.023,0.03,0.04,0.037
"314884","NINE ENTERTAINMENT CO HLDGS",2.64,1.865,2.05,1.255
"315120","MALABAR COAL LTD",NA,NA,NA,NA
"315162","TLOU ENERGY LTD",0.05,0.028,0.029,0.028
"315215","SANTANA MINERALS LTD",0.155,0.66,0.525,2.23
"315236","IPB PETROLEUM LTD",0.03,0.008,0.012,0.005
"315360","SHINE JUSTICE LTD",1.275,1.2,0.685,0.83
"315417","CLASSIC MINERALS LTD",0.001,0.017,0.001,NA
"315488","VIRTUS HEALTH LTD",5.91,NA,NA,NA
"315577","ISELECT LTD",0.35,0.27,NA,NA
"315788","AUSTRALIAN POTASH LTD",0.095,0.033,0.004,0.001
"315808","ALTO METALS LTD",0.077,0.065,0.046,0.064
"315809","ADVERITAS LTD",0.1,0.077,0.047,0.078
"315812","KRAKATOA RESOURCES LTD",0.072,0.068,0.022,0.012
"315814","AVIRA RESOURCES LTD",0.006,0.003,0.002,0.001
"315882","STEADFAST GROUP LTD",4.88,4.63,5.64,5.67
"316196","EMETALS LTD",0.02,0.016,0.008,0.004
"316197","CAMBIUM BIO LTD",0.075,0.049,0.008,NA
"316239","PERPETUAL RESOURCES LTD",0.11,0.027,0.02,0.0085
"316292","KELSIAN GROUP LIMITED",8.9,4.83,5.73,4.13
"316448","PATRONUS RESOURCES LIMITED",0.105,0.073,0.04,0.056
"316763","ASSET VISION CO LIMITED",0.041,0.031,0.009,0.028
"316825","ORORA LTD",3.11,3,2.75,2.73
"316874","DORSAVI LTD",0.02,0.014,0.011,0.01
"316882","PURE HYDROGEN CORPORATION LI",0.245,0.265,0.165,0.1525
"316907","PACT GROUP HLDGS LTD",3.81,1.35,0.695,0.805
"317021","QUANTUM GRAPHITE LTD",0.051,0.38,0.57,0.55
"317261","SG FLEET GROUP LTD",2.98,2.01,2.46,2.5
"317333","DOME GOLD MINES LTD",0.175,0.23,0.185,0.1
"317432","MOSMAN OIL & GAS LTD",0.0015,7e-04,2e-04,3e-04
"317452","JAPARA HEALTHCARE LTD",1.38,NA,NA,NA
"317454","BEACON LIGHTING GROUP LTD",2.14,1.93,1.85,2.92
"317476","BAPCOR LTD",7.57,6.12,6.8,5.31
"317886","MONASH IVF GROUP LTD",0.96,0.905,1.26,1.225
"317923","STAVELY MINERALS LTD",0.37,0.16,0.07,0.031
"317959","3P LEARNING LTD",1.205,1.4,1.27,1.02
"318006","ELANOR INVESTORS GROUP",2.07,1.69,1.53,NA
"318151","DUKETON MINING LTD",0.385,0.28,0.305,0.12
"318196","ORTHOCELL LTD",0.51,0.415,0.375,0.425
"318223","ASHLEY SERVICES GROUP LTD",0.46,0.68,0.505,0.185
"318310","VICTOR GROUP HOLDINGS LTD",0.03,0.03,0.03,0.03
"318339","INCENTIAPAY LTD",0.031,0.009,0.008,0.005
"318396","URBANISE.COM LTD",1.385,0.8,0.425,0.44
"318480","REGIS HEALTHCARE LTD",2.01,1.71,2.7,6.19
"318481","REWARDLE HOLDINGS LTD",0.015,0.015,0.029,NA
"318563","HUON AQUACULTURE GROUP",3.51,NA,NA,NA
"318667","IPH LTD",9.23,9.49,7.4,6.08
"318694","SIMONDS GROUP LTD",0.44,0.19,0.16,0.18
"318702","PACIFIC SMILES GROUP LTD",2.69,1.49,1.405,1.805
"318790","ESTIA HEALTH LTD",2.29,1.97,3.05,NA
"318811","DTI GROUP LTD",0.018,0.019,0.02,0.009
"318878","LOVISA HOLDINGS LTD",19,21.27,19.34,36
"319061","HYGROVEST LTD",0.078,0.068,0.053,0.054
"319146","UNITH LTD",0.025,0.02,0.025,0.019
"319228","ATLANTIC LITHIUM LIMITED",0.2,0.388,0.252,0.1314
"319299","ANATARA LIFESCIENCES LTD",0.145,0.059,0.028,0.07
"319476","EXPERIENCE CO LTD",0.36,0.2,0.22,0.135
"319493","AEERIS LTD",0.15,0.135,0.1,0.068
"319497","GENETIC SIGNATURES LTD",1.445,0.88,0.51,0.665
"319556","PROTEOMICS INTERNATIONAL LAB",0.89,1.01,1.11,0.68
"319672","AVA RISK GROUP LIMITED",0.48,0.18,0.195,0.098
"319687","SOUTH32 LTD",3.53,3.63,3.39,3.77
"319821","SUPERLOOP LTD",0.975,0.66,0.665,1.725
"319886","ADAIRS LTD",4.05,1.81,1.405,2.07
"319914","BAUMART HOLDINGS LTD",0.2,0.12,0.1,0.084
"319927","SHRIRO HOLDINGS LTD",1.09,0.69,0.82,0.72
"320065","GENEX POWER LTD",0.235,0.215,0.155,NA
"320074","THRIVE TRIBE TECHNOLOGIES LI",0.001,0.001,0.027,0.001
"320101","MEDLAB CLINICAL LTD",0.15,11.04,6.6,6.6
"320154","PUREPROFILE LTD",0.064,0.033,0.029,0.026
"320257","PARADIGM BIOPHARMACEUTICAL",2.2,1.26,0.615,0.195
"320280","BESTON GLOBAL FOOD CO LTD",0.086,0.057,0.006,NA
"320284","ADHERIUM LTD",0.016,0.005,0.004,0.012
"320332","KINATICO LIMITED",0.18,0.097,0.097,0.11
"320334","KNOSYS LTD",0.145,0.083,0.041,0.049
"320433","MAINSTREAM GROUP HOLDINGS",2.78,NA,NA,NA
"320481","BABY BUNTING GROUP LTD",5.56,3.78,2.12,1.805
"320580","S2 RESOURCES LTD",0.085,0.135,0.18,0.08
"320604","INTEGRAL DIAGNOSTICS LTD",4.92,2.77,2.87,2.97
"320623","FARMAFORCE LTD",0.051,NA,NA,NA
"320694","BWX LTD",4.86,0.63,NA,NA
"320726","PWR HOLDINGS LTD",8.81,8.47,11,9.05
"320750","MILLENNIUM SERVICES GROUP",0.59,0.475,0.5,NA
"320762","IDP EDUCATION LTD",34.11,26.47,21.38,15.9
"320806","NOVONIX LTD",6.65,1.76,0.86,NA
"320816","HAZER GROUP LTD",0.935,0.575,0.53,0.365
"320824","OVER THE WIRE HOLDINGS LTD",4.73,NA,NA,NA
"320858","TEMPLE & WEBSTER GROUP LTD",12.57,5.01,6,13.27
"320859","WELLARD LTD",0.094,0.067,0.038,0.072
"320926","CLASS LTD",1.72,NA,NA,NA
"320960","BETMAKERS TECHNOLOGY GRP LTD",1.075,0.315,0.092,0.082
"320967","APIAM ANIMAL HEALTH LTD",0.98,0.795,0.34,0.42
"320968","MEGAPORT LTD",16.8,7.79,11.77,7.32
"320982","PSC INSURANCE GROUP LTD",4.2,4.8,4.87,6.17
"321002","IVE GROUP LTD",1.535,2.24,1.935,2.04
"321030","AD1 HOLDINGS LTD",0.036,0.024,0.006,0.005
"321031","MICRO-X LTD",0.33,0.165,0.125,0.067
"321150","HIRO BRANDS LIMITED",0.068,4.42,NA,NA
"321154","RECCE PHARMACEUTICALS LTD",0.98,0.745,0.485,0.535
"321257","TESSERENT LTD",0.23,0.105,0.13,NA
"321313","VECTUS BIOSYSTEMS LTD",1.5,0.68,0.355,0.08
"321501","WISETECH GLOBAL LTD",53.65,52,65.05,137.19
"321581","MOTORCYCLE HOLDINGS LTD",3,2.5,2.1,1.675
"321584","RELIANCE WORLDWIDE CORP LTD",5.18,3.39,3.89,5.87
"321601","AFTERPAY LTD",121.32,NA,NA,NA
"321653","ARTICORE GROUP LIMITED",4.43,0.63,0.465,0.395
"321671","VISIONFLEX GROUP LIMITED",0.0155,0.009,0.01,0.005
"321731","GTN LTD",0.46,0.43,0.37,0.47
"321793","LIVEHIRE LTD",0.365,0.21,0.069,0.045
"321826","MARVEL GOLD LIMITED",0.071,0.018,0.009,NA
"321860","KOGAN.COM LTD",10.99,3.05,5.26,5.14
"321868","SHAVER SHOP GROUP LTD",1.02,1.08,1.045,1.235
"321869","LITHIUM POWER INTERNATIONAL",0.325,0.54,0.36,NA
"321887","CHANGE FINANCIAL LTD",0.105,0.054,0.059,0.075
"321986","OVENTUS MEDICAL LTD",0.13,NA,NA,NA
"322120","AURORA LABS LTD",0.155,0.035,0.021,0.075
"322160","QANTM INTELLECTUAL PROPERTY",1.22,0.98,0.93,NA
"322452","SUGAR TERMINALS LTD",1.02,1.035,1.075,1.085
"322471","THE MARKET LIMITED",0.75,0.4,0.26,0.15
"322497","POWERHOUSE VENTURES LTD",0.11,0.063,0.043,0.082
"322535","ADALTA LTD",0.091,0.048,0.022,0.017
"322560","BROO LTD",0.013,0.009,0.009,NA
"322600","ARDEA RESOURCES LTD",0.44,0.89,0.6,0.405
"322612","VEEM LTD",1.15,0.55,0.56,1.465
"322708","LOVE GROUP GLOBAL LTD",0.075,0.072,0.1,0.135
"322716","ENEGEX LTD",0.076,0.033,0.019,0.015
"322717","ADVANCED HEALTH INTELLIGENCE",1.145,0.13,0.165,0.092
"322763","APOLLO TOURISM & LEISURE LTD",0.58,0.725,NA,NA
"322802","INGHAMS GROUP LTD",4.13,2.38,3.32,2.95
"322803","NEUROTECH INTERNATIONAL LTD",0.049,0.087,0.067,0.06
"322858","AUTOSPORTS GROUP LTD",2.42,2.13,2.48,2.07
"322987","MIDWAY LTD",1.32,0.88,0.75,0.88
"323017","MURRAY RIVER ORGANICS",0.245,NA,NA,NA
"323035","HORIZON GOLD LTD",0.365,0.33,0.33,0.37
"323092","WRKR LTD",0.022,0.018,0.028,0.049
"323185","KALIUM LAKES LTD",0.21,0.045,0.025,7.2674
"323199","SENSERA LTD",0.037,0.015,0.015,NA
"323619","COBALT BLUE HLDGS",0.325,0.71,0.255,0.082
"323625","METALSTECH LTD",0.655,0.405,0.215,0.17
"323636","ROTO-GRO INTL LTD",0.029,0.011,NA,NA
"323741","WELLNEX LIFE LTD",0.098,0.08,0.0524,0.02
"323769","AUMEGA METALS LTD",0.38,0.099,0.05,NA
"323839","BIGTINCAN HOLDINGS LTD",1.275,0.535,0.365,0.16
"323979","NOVATTI GROUP LTD",0.44,0.175,0.095,0.078
"323980","8COMMON LTD",0.165,0.097,0.075,0.041
"324012","UNICO SILVER LIMITED",0.255,0.14,0.09,0.215
"324044","TEMPEST MINERALS LTD",0.022,0.033,0.009,0.01
"324052","BENDIGO TELCO LTD",1.2,0.9,0.5,0.5
"324059","HARVEST TECHNOLOGY GROUP LTD",0.34,0.065,0.028,0.018
"324060","KYCKR LTD",0.046,0.079,NA,NA
"324065","TINYBEANS GROUP PTY LTD",1.08,0.25,0.125,0.082
"324093","RACE ONCOLOGY LTD",3.5,1.915,0.905,1.785
"324094","NOXOPHARM LTD",0.555,0.18,0.039,0.105
"324095","CFOAM LTD",0.014,0.004,0.002,NA
"324097","QORIA LIMITED",0.685,0.32,0.245,0.41
"324099","CARNABY RESOURCES LTD",0.32,0.75,0.88,0.455
"324102","BOD SCIENCE LIMITED",0.315,0.088,0.075,0.024
"324104","GREAT BOULDER RESO",0.155,0.105,0.055,0.057
"324105","KALAMAZOO RESOURCE",0.34,0.2,0.1,0.078
"324106","ROOLIFE GROUP LTD",0.021,0.014,0.012,0.004
"324108","TECHNOLOGY METALS AUSTRALIA",0.4,0.365,0.28,NA
"324110","BLACKSTONE MINERAL LTD",0.465,0.175,0.125,0.037
"324115","MARQUEE RESOURCES LTD",0.073,0.0575,0.029,0.015
"324116","TRINEX MINERALS LIMITED",0.062,0.025,0.012,0.002
"324119","BIG RIVER INDUSTRIES LTD",2.06,2.15,2.18,1.485
"324122","MSL SOLUTIONS",0.205,0.165,NA,NA
"324146","CANN GROUP LTD",0.275,0.255,0.12,0.095
"324217","SKIN ELEMENTS LTD",0.1,0.036,0.006,0.004
"324495","MANUKA RESOURCES LTD",0.325,0.135,0.046,0.034
"324504","MAGMATIC RESOURCES LTD",0.1,0.135,0.07,0.063
"324569","BRYAH RESOURCES",0.053,0.026,0.015,0.004
"324606","ALDERAN RESOURCES",0.045,0.008,0.01,0.004
"324607","GOLDEN MILE RESOURCES",0.048,0.029,0.03,0.012
"324726","OLIVER'S REAL FOOD",0.059,0.059,0.025,0.01
"324817","KELLY PARTNERS GRO",3.34,5,4.21,7.65
"324851","ELMO SOFTWARE LTD",4.47,2.24,NA,NA
"324873","AUDINATE GROUP LTD",10,7.23,13.53,9.78
"324960","5E ADVANCED MATERIALS INC",NA,10.16,2.26,0.54
"325069","SPECTUR LTD NPV",0.092,0.033,0.019,0.019
"325222","RESOLUTION MINERALS LTD",0.02,0.01,0.007,0.002
"325244","GLOBAL URANIUM AND ENRICHMEN",0.51,0.24,0.165,0.072
"325271","SCOUT SECURITY LTD",0.058,0.031,0.015,0.52
"325303","AUSTRALIAN ADVENTURE TOURISM",0.05,0.055,0.055,0.06
"325305","DELTA LITHIUM LIMITED",0.6,0.65,0.75,0.235
"325342","GALENA MINING LIMI",0.2,0.15,0.093,NA
"325365","RIVERSGOLD LTD",0.028,0.036,0.013,0.005
"325412","GATHID LTD",0.29,0.042,0.026,0.018
"325448","TITOMIC LIMITED",0.32,0.245,0.0145,0.13
"325465","THE GO2 PEOPLE",0.033,0.015,0.014,NA
"325598","JOHNS LYNG GROUP",6.13,6.28,6.53,3.73
"325617","REGISTRY DIRECT LI",0.031,0.014,NA,NA
"325630","STATE GAS LTD",0.315,0.335,0.14,0.053
"325657","NORONEX LTD",0.135,0.035,0.014,0.016
"325685","NANOLLOSE LTD",0.089,0.068,0.05,0.019
"325687","VANADIUM RESOURCES LTD",0.064,0.095,0.056,0.045
"325746","5G NETWORKS LIMITED",0.94,0.14,0.125,0.1475
"325750","RHYTHM BIOSCIENCES LTD",1.285,1.25,0.345,0.064
"325763","IPERIONX LIMITED",1.17,0.89,1.5,3.18
"325823","PEOPLEIN LIMITED",3.83,3.06,1.785,0.85
"325838","IXUP LIMITED",0.165,0.038,0.052,0.015
"325882","RARE FOODS AUSTRALIA LIMITED",0.073,0.068,0.056,0.012
"325932","CARAWINE RESOURCES LTD",0.205,0.095,0.15,0.094
"325957","DOMAIN HOLDINGS AUSTRALIA LT",5.65,3.22,4,3.2
"326013","PROPEL FUNERAL PAR",4.05,4.73,4.3,5.78
"326026","BIO GENE TECHNOLOG",0.135,0.105,0.072,0.047
"326079","TIETTO MINERALS LTD",0.38,0.435,0.615,NA
"326098","COMMS GROUP LIMITED",0.091,0.075,0.076,0.076
"326118","PARKD LTD",0.05,0.021,0.025,0.022
"326138","WAGNERS HOLDING CO",1.79,0.8,0.965,0.86
"326181","NTAW HOLDINGS LIMITED",1.095,0.72,0.8,0.385
"326221","CARBONXT GROUP LIM",0.235,0.1,0.064,0.068
"326331","JAYRIDE GROUP LTD",0.2,0.165,0.087,0.01
"326367","BLACK CAT SYNDICATE LTD",0.52,0.33,0.21,0.46
"326398","INTELLIHR LTD",0.22,0.055,NA,NA
"326452","EVION GROUP NL",0.125,0.082,0.036,0.027
"326454","ACCELERATE RESOURC",0.039,0.035,0.025,0.009
"326456","PODIUM MINERALS",0.35,0.13,0.043,0.04
"326562","EAGLE MOUNTAIN MIN",0.795,0.215,0.077,0.05
"326570","READCLOUD LTD",0.235,0.125,0.047,NA
"326631","SATURN METALS LTD",0.395,0.25,0.155,0.28
"326703","L1 LONG SHORT FUND",NA,NA,NA,NA
"326731","MAKO GOLD LTD",0.087,0.05,0.015,0.009
"327032","DXN LIMITED",0.01,0.008,0.002,0.079
"327074","CLEARVUE TECHNOLOG",0.3,0.23,0.33,0.455
"327075","SMILES INCLUSIVE L",0.035,NA,NA,NA
"327122","GALILEO MINING LTD",0.255,1.32,0.295,0.155
"327173","TOP EDUCATION GRP",0.198,0.077,0.05,0.056
"327199","WIDE OPEN AGRICULTU",0.7,0.45,0.325,0.012
"327204","VULCAN ENERGY RESOURCES LTD",13.03,7.5,2.87,NA
"327205","STAR COMBO PHARMA",0.315,0.18,0.095,0.155
"327265","TRIGG MINERALS LTD",0.105,0.068,0.011,0.032
"327267","1414 DEGREES LTD",0.1,0.076,0.04,0.067
"327268","CONSTELLATION RESO",0.36,0.16,0.165,0.155
"327313","NEUROSCIENTIFIC BI",0.455,0.089,0.07,0.035
"327322","TARTANA MINERALS LIMITED",0.15,0.081,0.048,0.039
"327542","RMA GLOBAL LIMITED",0.22,0.16,0.081,0.061
"327597","SULTAN RESOURCES L",0.19,0.088,0.021,0.006
"327723","CALIX LTD",5.22,5.78,2.82,1.155
"327728","KINGWEST RESOURCES",0.14,0.037,NA,NA
"327779","PIVOTAL METALS LTD",0.083,0.03,0.019,0.011
"327785","SOMERSET MINERALS LIMITED",0.18,0.054,0.026,0.003
"327831","ALDORO RESOURCES LTD",0.455,0.225,0.09,0.079
"327944","ARCHTIS LTD",0.35,0.155,0.11,0.0695
"327958","HEALTHIA LTD",1.87,1.47,1.75,NA
"328100","VINTAGE ENERGY LTD",0.075,0.079,0.031,0.009
"328125","CAPRICE RESOURCES LTD",0.17,0.045,0.036,0.028
"328268","QEM LIMITED",0.15,0.225,0.19,0.105
"328271","STEALTH GROUP HOLDINGS LTD",0.165,0.135,0.165,0.35
"328296","ALTHEA GROUP HOLDINGS LTD",0.23,0.078,0.031,0.039
"328310","TECHGEN METALS LTD",0.205,0.165,0.029,0.035
"328453","MOHO RESOURCES NL",0.064,0.027,0.009,0.007
"328879","IDENTITII LTD",0.24,0.052,0.012,0.012
"328883","WISEWAY GROUP LIMITED",0.36,0.082,0.046,0.13
"329027","NORWEST MINERALS LTD",0.075,0.036,0.03,0.022
"329139","EMVISION MEDICAL DEVICES LTD",3.15,1.39,1.7,2.03
"329144","ZOONO GROUP LTD",0.415,0.1275,0.038,0.024
"329298","GOLDEN STATE MINING LIMITED",0.135,0.041,0.036,0.012
"329451","WOOMERA MINING LTD",0.021,0.015,0.011,0.002
"329497","CANTERBURY RESOURCES LTD",0.105,0.044,0.027,0.034
"329498","COLES GROUP LTD",16.99,16.43,15.56,18.06
"329524","VINYL GROUP LTD",0.062,0.018,0.056,0.105
"329547","EXOPHARM LIMITED",0.585,0.135,0.01,NA
"329634","THE CALMER CO INTERNATIONAL",0.088,0.028,0.005,0.01
"329643","REDCAPE HOTEL GROUP PTY LTD",1.09,NA,NA,NA
"329929","ATOMOS LIMITED",1.545,0.165,0.065,0.041
"329952","PVW RESOURCES NL",0.2,0.155,0.067,0.022
"329955","TORQUE METALS LIMITED",0.215,0.18,0.345,0.076
"330013","YANDAL RESOURCES LIMITED",0.5,0.15,0.049,0.09
"330145","UNITI GROUP LTD",3.87,NA,NA,NA
"330678","INNLANZ LIMITED",0.069,0.044,0.024,NA
"331000","SENTERPRISYS LTD",0.05,0.05,0.05,0.04
"331130","ECOFIBRE LTD",0.845,0.23,0.18,0.032
"331537","MONT ROYAL RESOURCES LTD",0.4,0.23,0.18,0.053
"331672","WARREGO ENERGY LTD",0.215,0.14,NA,NA
"331734","READYTECH HOLDINGS LTD",3.49,2.86,3.7,3
"331957","BEAMTREE HOLDINGS LTD",0.595,0.21,0.225,0.315
"332470","VIVA LEISURE LTD",2.34,1.13,1.595,1.38
"332503","POINTSBET HOLDINGS LTD",10.2,1.86,0.785,0.7
"332532","TUBI LTD",0.049,0.049,NA,NA
"332583","WHISPIR LTD",2.28,0.715,0.315,NA
"332767","INVEX THERAPEUTICS",0.7,0.605,0.205,0.075
"332834","RPM AUTOMOTIVE GROUP LTD",0.36,0.195,0.089,0.07
"332970","ECS BOTANICS HOLDINGS LTD",0.038,0.021,0.021,0.019
"332990","VERBREC LTD",0.14,0.13,0.1,0.135
"333058","CODA MINERALS LTD",0.94,0.28,0.185,0.09
"333157","NEW ZEALAND COASTAL SEAFOODS",0.01,0.0035,0.002,0.002
"333370","FINEOS CORP HOLDINGS PLC",4.33,1.25,2,NA
"333913","MADER GROUP LTD",1.55,2.94,6.38,4.96
"333919","INTEGA GROUP LTD",0.57,NA,NA,NA
"334032","THE SUSTAINABLE NUTRITION",0.32,0.14,NA,NA
"334059","K-TIG LTD",0.39,0.14,0.3625,0.3625
"334096","OAR RESOURCES LTD",0.0125,0.005,0.004,0.002
"334105","DAMSTRA HOLDINGS LTD",0.905,0.14,0.1,NA
"334319","VITURA HEALTH LIMITED",0.17,0.69,0.37,0.076
"334763","HUBIFY LTD",0.08,0.04,0.015,0.01
"335465","TERRAGEN HOLDINGS LTD",0.27,0.13,0.026,0.034
"335486","AMAERO INTERNATIONAL LTD",0.425,0.11,0.215,0.4
"335514","TYRO PAYMENTS LTD",3.89,1.3,1.355,0.94
"335544","VECTION TECHNOLOGIES LTD",0.084,0.065,0.039,0.008
"335567","NUCHEV LIMITED",0.635,0.255,0.2,0.145
"335587","MIGHTY CRAFT LTD",0.29,0.13,0.023,NA
"335588","ICETANA LTD",0.115,0.034,0.033,0.024
"336459","AEROMETREX LIMITED",0.7,0.42,0.32,0.3175
"336514","METAL HAWK LTD",0.58,0.18,0.095,0.17
"336522","M8 SUSTAINABLE LTD",0.028,0.006,0.009,0.009
"336550","OPENPAY GROUP LTD",1.33,0.18,NA,NA
"336572","CASTILE RESOURCES LTD",0.205,0.12,0.051,0.078
"336589","GODOLPHIN RESOURCES LTD",0.15,0.083,0.037,0.015
"336879","COBRE LIMITED",0.145,0.13,0.054,0.074
"336993","COSOL LTD",0.685,0.61,0.885,0.945
"337098","TESORO GOLD LTD",0.1,0.032,0.019,0.037
"337102","LITTLE GREEN PHARMA LTD",0.7,0.155,0.095,NA
"337103","EMYRIA LTD",0.23,0.22,0.075,0.032
"337332","KAISER REEF LTD",0.205,0.155,0.18,0.16
"337597","AML3D LIMITED",0.15,0.095,0.085,0.155
"338241","ATOMO DIAGNOSTICS LTD",0.355,0.059,0.026,0.021
"338382","PURE FOODS TASMANIA PTY LTD",0.585,0.16,0.1,0.017
"338523","INTELICARE HOLDINGS LTD",0.1,0.04,0.015,0.014
"338975","DYNAMIC GROUP HOLDINGS LTD",0.43,0.36,0.255,0.26
"339026","DUG TECHNOLOGY LTD",0.905,0.52,1.9,2.53
"339106","4DMEDICAL LTD",1.465,0.58,0.45,0.675
"339132","FORBIDDEN FOODS LIMITED",0.26,0.09,0.018,0.01
"339267","AUSTRALIAN STRATEGIC MATL",10,2.34,1.46,0.56
"339524","OLIVEX HOLDINGS LTD",1,1.1,NA,NA
"339555","AI-MEDIA TECHNOLOGIES LTD",0.925,0.355,0.3,0.755
"339747","RESOURCE DEVELOPMENT GROUP",0.051,0.06,0.045,0.029
"339783","CASPIN RESOURCES LTD",0.7,0.65,0.14,0.054
"339805","NORTH STAWELL MINERALS LTD",0.315,0.135,0.034,0.018
"340137","AUSSIE BROADBAND LTD",4.89,2.28,4.11,3.85
"340212","MYDEAL COM AU LTD",0.715,1.05,NA,NA
"340281","TRUE NORTH COPPER LIMITED",0.23,0.049,NA,NA
"340282","CLEANSPACE HOLDINGS LIMITED",1.38,0.64,0.29,0.5
"340294","DOUUGH PTY LTD",0.07,0.021,0.006,0.005
"340324","NATIVE MINERAL RESOURCES HOL",0.23,0.145,0.04,0.02
"340329","ADISYN LTD",0.19,0.045,0.022,0.04
"340392","DUSK GROUP LIMITED",3.15,1.95,1,1.155
"340394","ADORE BEAUTY GROUP LIMITED",4.61,1.33,0.735,1.02
"340396","MIRAMAR RESOURCES LIMITED",0.2,0.091,0.035,0.007
"342576","DETERRA ROYALTIES LTD",3.79,4,4.79,4.04
"343867","TOMBADOR IRON LTD",0.04,0.027,0.014,NA
"343910","CREDIT CLEAR LIMITED",0.465,0.44,0.19,0.32
"343912","AURUMIN LTD",0.185,0.105,0.027,0.047
"343920","EAST 33 LIMITED",0.19,0.031,0.031,0.022
"343934","WA KAOLIN LIMITED",0.195,0.2,0.135,0.052
"343951","DURATEC LIMITED",0.38,0.3825,1.29,1.42
"343984","HIPAGES GROUP HOLDINGS LTD",3.57,1.36,0.825,1.255
"344058","CLUEY LTD",1.3,0.5,0.094,0.036
"344059","UNIVERSAL STORE HOLDINGS LTD",8,4.69,3.46,7.5
"344092","AUCYBER LIMITED",0.665,0.175,0.105,0.255
"344093","WESTAR RESOURCES LTD",0.165,0.049,0.0215,0.009
"345191","BOOKTOPIA GROUP LIMITED",2.62,0.25,0.11,NA
"345226","YOUFOODZ HOLDINGS LTD",0.93,NA,NA,NA
"345340","GENUSPLUS GROUP LTD",1.045,0.96,1.15,2.45
"345403","MAAS GROUP HOLDINGS LIMITED",5.38,3.16,3.32,4.78
"345409","KINGFISHER MINING LTD",0.19,NA,0.185,0.086
"345461","DESERT METALS LIMITED",0.28,0.48,0.042,0.022
"345471","ERRAWARRA RESOURCES LTD",0.25,0.185,0.14,0.098
"345479","TOP SHELF INTERNATIONAL HOLD",1.66,1.3,0.21,0.04
"345544","MEDALLION METALS LIMITED",0.225,0.175,0.07,0.053
"345545","LIVE VERDURE LTD",0.395,0.22,0.34,0.57
"345546","RINCON RESOURCES LTD",0.22,0.1,0.033,0.026
"345557","MAYFIELD GROUP HOLDINGS",0.43,0.3,0.455,0.78
"345563","BPM MINERALS LIMITED",0.27,0.115,0.084,0.105
"345650","PLAYSIDE STUDIOS LIMITED",0.385,0.63,0.46,0.58
"345651","ACUSENSUS LIMITED",NA,NA,0.78,0.83
"345667","SILK LASER AUSTRALIA LIMITED",4.38,2.05,3.3,NA
"345686","NUIX LIMITED",2.52,0.55,1.425,6.56
"345696","CONTROL BIONICS LIMITED",0.665,0.175,0.073,0.068
"345703","TORRENS MINING LIMITED",0.16,NA,NA,NA
"345723","FELIX GROUP HOLDINGS LTD",0.25,0.165,0.076,0.16
"345765","ANSARADA GROUP LTD",1.535,1.59,1.415,2.49
"345930","COMPLII FINTECH SOLUTIONS LT",0.059,0.065,0.04,0.026
"345968","CETTIRE LIMITED",3.27,0.745,2.88,1.865
"346021","OZAURUM RESOURCES LIMITED",0.14,0.079,0.1,0.038
"346047","CHIMERIC THERAPEUTICS LTD",0.315,0.088,0.028,0.014
"346052","FORESTA GROUP HOLDING LTD",0.08,0.028,0.016,0.004
"346144","BIKEEXCHANGE PTY LTD",0.18,0.02,0.006,NA
"346147","SINGULAR HEALTH GROUP LTD",0.235,0.11,0.037,0.09
"346152","AUSTRALIAN GOLD AND COPPER",0.135,0.068,0.065,0.245
"346177","MAMBA EXPLORATION LIMITED",0.17,0.125,0.047,0.012
"346178","PENTANET LIMITED",0.67,0.29,0.061,0.033
"346246","NEXION GROUP LTD",0.21,0.07,0.015,0.02
"346301","EZZ LIFE SCIENCE HOLDINGS",0.51,0.3,0.68,4.53
"346501","JUNO MINERALS LIMITED",0.15,0.1,0.075,0.031
"346518","DDH 1 DRILLING PTY LTD",1.24,0.74,0.84,NA
"346524","HARTSHEAD RESOURCES NL",0.023,0.042,0.027,0.006
"346536","FIREBIRD METALS LIMITED",0.53,0.195,0.13,0.12
"346621","PEREGRINE GOLD LIMITED",0.4,0.595,0.25,0.2
"346695","AIRTASKER LIMITED",0.97,0.33,0.195,0.3
"346854","MAD PAWS HOLDINGS LIMITED",0.23,0.13,0.09,0.07
"346932","SPARC TECHNOLOGIES LIMITED",0.615,0.85,0.205,0.185
"346938","PROPTECH GROUP LIMITED",0.645,0.28,NA,NA
"346966","ISLAND PHARMACEUTICALS LTD",0.34,0.17,0.085,0.08
"347044","92 ENERGY LTD",0.765,0.525,0.325,NA
"347054","DELOREAN CORPORATION LTD",0.195,0.063,0.023,0.1
"347055","ICENI GOLD LIMITED",0.235,0.098,0.076,0.039
"347108","LYNCH GROUP HOLDINGS LTD",3.58,2.57,2,1.68
"347158","HEALTH HOUSE INTERNATIONAL L",0.105,0.013,NA,NA
"347210","BLACK CANYON LIMITED",0.27,0.22,0.12,0.065
"347243","QMINES LIMITED",0.4,0.145,0.1,0.1
"347248","STRATA MINERALS LIMITED",0.18,0.125,0.057,0.031
"347289","EP&T GLOBAL LIMITED",0.15,0.048,0.023,0.023
"347290","MIGHTY KINGDOM LIMITED",0.15,0.033,0.014,0.053
"347377","AUSTRALASIAN METALS LIMITED",0.43,0.28,0.2,0.11
"347378","ALBION RESOURCES LIMITED",0.24,0.08,0.07,0.046
"347403","GLOBAL LITHIUM RESOURCES LTD",0.395,2.2,1.37,0.22
"347413","HIREMII LIMITED",0.1,0.053,0.04,0.057
"347442","FLYNN GOLD LTD",0.15,0.11,0.06,0.028
"347444","PETER WARREN AUTOMOTIVE HOLD",3.05,2.63,2.5,1.67
"347481","MLG OZ LIMITED",0.9,0.5,0.56,0.615
"347506","AUDEARA LIMITED",0.12,0.09,0.038,0.056
"347634","LODE RESOURCES LTD",0.13,0.13,0.115,0.1
"347663","LITHIUM ENERGY LIMITED",0.615,0.705,0.6,0.325
"347725","POLYMETALS RESOURCES LTD",0.135,0.155,0.35,0.3
"347733","AUSTRALIAN CLINICAL LABS LTD",4.52,3.53,2.85,3.67
"347783","HITIQ LIMITED",0.15,0.055,0.018,0.012
"347813","FOS CAPITAL LIMITED",0.255,0.225,0.175,0.27
"348566","ARGENICA THERAPEUTICS LTD",0.4,0.45,0.375,0.715
"348567","LUNNON METALS LIMITED",0.42,0.87,0.8,0.165
"348632","CODRUS MINERALS LIMITED",0.16,0.071,0.067,0.02
"348638","TRAJAN GROUP HOLDINGS LTD",3.1,2.07,1.15,1.285
"348696","OPENN NEGOTIATION LIMITED",0.155,0.13,0.008,NA
"348712","BARTON GOLD HOLDINGS LIMITED",0.165,0.14,0.205,0.25
"348735","SWOOP HOLDINGS LIMITED",2.09,0.385,0.225,0.215
"348739","WESTERN GOLD RESOURCES LTD",0.17,0.092,0.03,0.027
"348776","LOCKSLEY RESOURCES LIMITED",0.185,0.067,0.04,0.025
"348777","AUSTRALIAN RARE EARTHS LTD",1.01,0.33,0.22,0.12
"348897","ENDEAVOUR GROUP LIMITED",6.98,7,5.27,5.02
"348902","WESTERN MINES GROUP LTD",0.23,0.125,0.285,0.25
"348903","OZZ RESOURCES LIMITED",0.175,0.085,0.073,0.055
"348913","CANNON RESOURCES LTD",0.28,0.27,NA,NA
"348958","BURLEY MINERALS LTD",0.26,0.14,0.18,0.07
"348963","G50 CORP LIMITED",0.225,0.145,0.15,0.175
"348984","CHARGER METALS NL",0.475,0.48,0.125,0.086
"348989","ASKARI METALS LTD",0.21,0.31,0.185,0.022
"348993","MTM CRITICAL METALS LIMITED",0.17,0.12,0.037,0.067
"348995","CAMPLIFY HOLDINGS LTD",3,1.87,2.07,1.26
"349043","BALLYMORE RESOURCES LTD",0.3,0.185,0.085,0.14
"349066","LUMOS DIAGNOSTICS HOLDINGS",0.9,0.06,0.095,0.037
"349208","BALKAN MINING AND MINERALS",0.725,0.32,0.2,0.052
"349209","M3 MINING LTD",0.205,0.145,0.0765,0.039
"349269","PACGOLD LIMITED",0.23,0.47,0.19,0.094
"349335","FUTURE METALS NL",0.185,0.105,0.044,0.021
"349362","BLUEBET HOLDINGS LTD",1.9,0.47,0.215,0.215
"349397","SILK LOGISTICS HOLDINGS LTD",2.25,2.15,1.85,1.33
"349431","BEST&LESS GROUP HOLDINGS LTD",3.44,2.32,NA,NA
"349508","TAMBOURAH METALS LTD",0.22,0.16,0.2,0.037
"349527","PANTERA MINERALS LIMITED",0.315,0.1,0.057,0.028
"349569","CULPEO MINERALS LTD",0.235,0.14,0.032,0.029
"349597","BCAL DIAGNOSTICS LIMITED",0.185,0.066,0.105,0.125
"349739","CLARITY PHARMACEUTICALS LTD",1.34,0.64,1.17,8.38
"349740","LEGACY MINERALS HOLDINGS LTD",0.205,0.15,0.175,0.225
"349769","AQUIRIAN LIMITED",0.19,0.33,0.18,0.19
"349824","KUNIKO LTD",2.06,0.47,0.26,NA
"349867","TEK-OCEAN GROUP LIMITED",0.415,NA,NA,NA
"349868","LI-S ENERGY LTD",2.07,0.53,0.21,0.115
"349886","COBRAM ESTATE OLIVES LTD",2.03,1.5,1.35,1.7
"349939","COPPER SEARCH LIMITED",0.36,0.17,0.2,0.057
"349940","HEAVY MINERALS LTD",0.19,0.14,0.099,0.093
"349941","PEARL GULL IRON LTD",0.17,0.028,0.028,0.02
"349942","X2M CONNECT LIMITED",0.23,0.075,0.04,0.038
"350034","ZOOM2U TECHNOLOGIES LIMITED",0.495,0.145,0.055,0.076
"350036","MT MALCOLM MINES NL",0.15,0.075,0.027,0.037
"350040","WEST COBAR METALS LIMITED",NA,0.2725,0.085,0.024
"350052","REVOLVER RESOURCES HOLDINGS",0.345,0.27,0.095,0.043
"350068","RUBICON WATER LIMITED",1.75,1.03,0.615,0.255
"350169","ANDEAN SILVER LIMITED",0.255,0.165,0.27,1.24
"350174","KOONENBERRY GOLD LTD",0.165,0.08,0.045,0.011
"350183","ACTIVEPORT GROUP LTD",NA,0.065,0.125,0.041
"350258","EASTERN METALS LTD",NA,0.14,0.033,0.02
"350276","C29 METALS LTD",NA,0.145,0.077,0.067
"350401","REMSENSE TECHNOLOGIES LTD",NA,0.165,0.065,0.029
"350561","HAMELIN GOLD LTD",NA,0.115,0.086,0.068
"350628","NICKELSEARCH LIMITED",NA,0.14,0.057,0.015
"350726","EVOLUTION ENERGY MINERALS",NA,0.26,0.165,0.037
"350807","TISSUE REPAIR LTD",NA,0.31,0.25,0.355
"350869","PARABELLUM RESOURCES LIMITED",NA,0.265,0.345,0.053
"350888","STEP ONE CLOTHING LIMITED",NA,0.27,0.565,1.79
"350937","VULCAN STEEL LIMITED",NA,6.8,7.35,7.69
"350954","NIMY RESOURCES LTD",NA,0.275,0.185,0.062
"350957","ARTRYA LIMITED",NA,0.64,0.21,0.26
"350973","ROCKETBOOTS LIMITED",NA,0.11,0.15,0.099
"351013","SITEMINDER LTD",NA,3.09,4.63,6.32
"351025","ALLOGGIO GROUP LIMITED",NA,0.17,NA,NA
"351035","ORANGE MINERALS NL",NA,0.07,0.04,0.03
"351050","BIOME AUSTRALIA LIMITED",NA,0.073,0.14,0.7
"351130","ANDEAN MINING LIMITED",NA,NA,NA,NA
"351195","CLOSE THE LOOP LTD",NA,0.435,0.37,0.21
"351196","RAS TECHNOLOGY HOLDINGS LTD",NA,0.58,0.85,1.39
"351210","AMERICAN WEST METALS LIMITED",NA,0.155,0.14,0.11
"351224","APM HUMAN SERVICES INTL LTD",NA,3.38,1.845,1.445
"351261","AVADA GROUP LIMITED",NA,0.8,0.515,0.505
"351305","RONIN RESOURCES LTD",NA,0.15,0.14,0.105
"351335","IPD GROUP LIMITED",NA,2.09,4.95,5.08
"351336","SHAPE AUSTRALIA CO LTD",NA,1.6,1.57,2.7
"351350","XPON TECHNOLOGIES GROUP LTD",NA,0.155,0.054,0.008
"351359","NICO RESOURCES LIMITED",NA,0.54,0.405,0.1
"351434","ATTURRA LIMITED",NA,0.785,0.855,1.02
"351492","BIRDDOG TECHNOLOGY LIMITED",NA,0.175,0.13,0.066
"351532","FAR EAST GOLD LIMITED",NA,0.685,0.165,0.165
"351619","FELIX GOLD LTD",NA,0.14,0.0765,0.115
"351625","CARETEQ LIMITED",NA,0.08,0.022,0.012
"351627","HAODEX LTD",NA,NA,0.415,0.415
"351669","MY FOODIE BOX LIMITED",NA,0.076,0.004,NA
"351670","PREMIER1 LITHIUM LIMITED",NA,0.46,0.21,0.011
"351672","WA1 RESOURCES LTD",NA,0.155,5.15,15.08
"351728","FIREBRICK PHARMA LIMITED",NA,0.28,0.052,0.058
"352268","OMNIA METALS GROUP LTD",NA,0.15,0.086,0.078
"352351","MANY PEAKS MINERALS LIMITED",NA,0.225,0.28,0.215
"352431","VERATIN LIMITED",NA,NA,0.13,NA
"352453","MICROBA LIFE SCIENCES LTD",NA,0.18,0.36,0.185
"352562","INTERNATIONAL GRAPHITE LTD",NA,0.35,0.185,0.072
"352563","NOBLE HELIUM LIMITED",NA,0.195,0.21,0.05
"352595","MARONAN METALS LIMITED",NA,0.275,0.205,0.22
"352635","SARYTOGAN GRAPHITE LIMITED",NA,0.295,0.195,0.086
"352656","SSH GROUP LIMITED",0.24,0.185,0.15,0.069
"352672","NARRYER METALS LIMITED",NA,0.155,0.12,0.022
"352756","SOLSTICE MINERALS LIMITED",NA,0.145,0.13,0.215
"352942","AURORA ENERGY METALS LIMITED",NA,0.235,0.16,0.053
"352968","CAVALIER RESOURCES LTD",NA,0.145,0.135,0.15
"352979","TG METALS LTD",NA,0.12,0.094,0.14
"353008","CHRYSOS CORPORATION LIMITED",NA,3.1,6.29,5.75
"353070","LOTTERY CORPORATION LTD",NA,4.18,4.72,5.12
"353132","SOUTHERN PALLADIUM LIMITED",NA,0.86,0.41,0.45
"353340","BOTALA ENERGY LTD",NA,0.16,0.09,0.07
"354132","BRIDGE SAAS LIMITED",NA,NA,0.036,0.02
"354240","ADRAD HOLDINGS LTD",NA,1.545,0.95,0.73
"354283","LGI LIMITED",NA,NA,2.12,2.79
"354296","OMEGA OIL & GAS LIMITED",NA,NA,0.155,0.335
"354888","RICHMOND VANADIUM TECH LTD",NA,NA,0.38,0.295
"355178","VHM LIMITED",NA,NA,0.49,0.5
"355262","SOCO CORPORATION LTD",NA,NA,0.305,0.1
"357325","REDOX LIMITED",NA,NA,2.22,3.3
"359536","LTR PHARMA LIMITED",NA,NA,NA,1.665
"362021","GUZMAN Y GOMEZ LTD",NA,NA,NA,39.95
"362321","BHAGWAN MARINE LTD",NA,NA,NA,0.615
"104566","SOUL PATTINSON WASH H & CO",32.48,27.94,33.42,33.47
"209933","BRICKWORKS LTD",23.74,22.13,24.51,27.14
"220243","PREMIER INVESTMENTS LTD",30.58,25.03,22.71,33.75
"242643","CLOVER CORP LTD",1.605,1.185,0.89,0.515
"247829","TOYS'R'US ANZ LTD",0.17,0.041,0.015,0.059
"253531","HAVILAH RESOURCES LTD",0.185,0.305,0.215,0.205
"258444","NEW HOPE CORP LTD",2.01,5.65,5.77,4.87
"293130","MYER HOLDINGS LTD",0.54,0.635,0.5,0.905
"293245","KMD BRANDS LIMITED",1.59,1.08,0.83,0.44
"315885","SYNLAIT MILK LTD",3.6,3.12,1.33,0.405
"338843","TUAS LIMITED",1.4,1.32,2.08,5.15
"229876","AUSTRALIAN PHARM INDS LTD",1.5,NA,NA,NA
"284449","ASIAN AMERICAN MEDICAL GROUP",0.038,0.038,NA,NA
"346291","TRYPTAMINE THERAPEUTICS LTD",NA,NA,NA,0.018
"014802","NATIONAL AUSTRALIA BK",28.84,30.06,30.7,NA
"015362","WESTPAC BANKING CORP",21.35,23.35,22.9,NA
"015889","ANZ GROUP HOLDINGS LIMITED",27.51,23.66,25.92,NA
"100442","ORICA LTD",13.69,15.06,15.94,NA
"101613","NUFARM LTD",4.85,6.13,5.22,NA
"127842","PILOT ENERGY LTD",0.055,0.016,0.026,NA
"202362","ELDERS LTD",12.26,10.14,7.53,NA
"211572","SELECT HARVESTS LTD",6.21,3.9,2.9,NA
"212628","ARISTOCRAT LEISURE LTD",43.57,30.52,40.82,NA
"241386","GRAINCORP LTD",8.26,7.42,7.29,NA
"241419","TECHNOLOGY ONE LTD",12.81,13.14,15.37,NA
"242602","HANCOCK & GORE LTD",0.33,0.28,0.43,NA
"253410","NEW MURCHISON GOLD LIMITED",0.017,0.009,0.007,NA
"253505","ASPERMONT LTD",0.023,0.018,0.009,NA
"257860","INCITEC PIVOT LTD",3.24,3.76,2.84,NA
"290339","ALTERRA LTD",0.029,0.011,0.006,NA
"337815","UNITED MALT GRP LTD",4.36,3.47,NA,NA
"010991","LIGHT & WONDER INC",58.75,60.05,102.09,NA
"016560","ALUMINA LTD",2.01,1.46,1.42,NA
"019565","RIO TINTO GROUP",60.81,54.78,50.17,NA
"019824","ANGLOGOLD ASHANTI PLC",350.5,431.4,422.69,NA
"026768","SSR MINING INC",21.75,15.12,4.46,NA
"026877","TBG DIAGNOSTICS LTD",NA,NA,NA,NA
"100165","SANTOS LTD",7.74,6.9,7.75,NA
"100712","WOODSIDE ENERGY GROUP LTD",32.1,33.34,30.5,NA
"100823","ENERGY RESOURCES OF AUSTRALI",0.38,0.21,0.057,NA
"100835","ADBRI LTD",3.03,1.585,3.13,NA
"101420","CAPRAL LIMITED",9.15,7.46,9.3,NA
"101599","ILUKA RESOURCES LTD",11.29,10.62,7.21,NA
"101603","CIMIC GROUP LTD",22,NA,NA,NA
"101709","TEN NETWORK HOLDINGS LTD",NA,NA,NA,NA
"102114","EMPIRE ENERGY GROUP LTD",0.335,0.16,0.17,NA
"102903","AMPOL LTD",30.64,30.49,39.79,NA
"105420","ARGOSY MINERALS LTD",0.47,0.44,0.135,NA
"106438","FAR LTD",0.74,0.705,0.4,NA
"107162","TOUBANI RESOURCES LTD",0.0998,0.17,0.15,NA
"201025","CAPE RANGE LTD",0.21,0.11,0.12,NA
"203669","STEAMSHIP TRADING",10.09,9.07,13.59,NA
"205248","MOLOPO ENERGY LTD",NA,NA,NA,NA
"205895","XSTATE RESOURCES LTD",0.003,0.013,0.016,NA
"206145","REEF CASINO TRUST",3.03,3.145,3.05,NA
"207018","MAGONTEC LTD",0.365,0.42,0.34,NA
"207221","RESOLUTE MINING LTD",0.33,0.42,0.43,NA
"208467","PETSEC ENERGY LTD",0.021,NA,NA,NA
"210232","ARN MEDIA LIMITED",1.915,1.13,NA,NA
"210248","ASRA MINERALS LIMITED",0.027,0.0115,0.005,NA
"210260","CYPRIUM METALS LTD",0.205,0.11,0.019,NA
"211370","MULTISTACK INTL",0.04,0.009,0.005,NA
"211523","BLUE STAR HELIUM LTD",0.042,0.029,0.007,NA
"211555","CENTENNIAL COAL",NA,NA,NA,NA
"212428","GRANGE RESOURCES LTD",1.11,0.72,0.44,NA
"214050","OZ MINERALS LIMITED",26.67,28.11,NA,NA
"221216","MINERAL COMMODITIES LTD",0.12,0.06,0.022,NA
"221877","EAGERS AUTOMOTIVE LTD",14.28,13.49,14.16,NA
"226180","ENVESTRA LTD",NA,NA,NA,NA
"231038","HUTCHISON TELECOM AUSTRALIA",0.081,0.044,0.026,NA
"234811","RECKON LTD",0.895,0.48,0.54,NA
"235179","ROC OIL CO LTD",NA,NA,NA,NA
"241368","IRESS LTD",11.94,9.92,NA,NA
"242605","INVIGOR GROUP LTD",0.25,NA,NA,NA
"242636","HILLGROVE RESOURCES LTD",0.064,0.053,0.068,NA
"247302","VITA LIFE SCIENCES LTD",2.31,1.45,2.42,NA
"247526","ADX ENERGY LTD",0.008,0.006,0.125,NA
"248129","FOCUS MINERALS LTD",0.245,0.165,0.18,NA
"248169","VOLT GROUP LIMITED",0.003,0.0015,0.001,NA
"248181","AVECHO BIOTECHNOLOGY LTD",0.015,0.009,0.005,NA
"248795","AUSTRAL GOLD LTD",0.076,0.041,0.026,NA
"248800","TASFOODS LTD",0.075,0.035,0.021,NA
"249495","ELECTRO OPTIC SYSTEMS LTD",2.87,0.455,1.655,NA
"251638","DRAGON MINING LTD",1.4,0.98,1.67,NA
"252268","SYDNEY AIRPORT",NA,NA,NA,NA
"253317","BRISBANE BRONCOS LTD",0.705,1.04,1.04,NA
"253319","CARBON MINERALS LTD",0.31,0.31,NA,NA
"253400","GREENHY2 LIMITED",0.076,0.025,0.01,NA
"253403","OM HOLDINGS LTD",0.905,0.72,0.435,NA
"253429","88 ENERGY LTD",0.017,0.009,0.005,NA
"253482","CENTAURUS METALS LTD",1.37,0.94,0.3,NA
"253545","HUDSON RESOURCES LTD",NA,NA,NA,NA
"253572","MAGNUM MINING & EXPLOR LTD",0.072,0.021,0.018,NA
"253585","IMAGE RESOURCES NL",0.255,0.125,0.07,NA
"253590","PHOSLOCK ENVIRNMNTL TECH LTD",0.245,0.042,0.025,NA
"253605","LEGEND MINING NL",0.073,0.051,0.013,NA
"253617","LION ENERGY LTD",0.05,0.034,0.03,NA
"253622","JERVOIS GLOBAL LTD",0.815,0.066,0.025,NA
"254459","VMOTO LTD",0.4,0.35,0.145,NA
"259075","DANAKALI LTD",0.3,0.42,0.41,NA
"259425","INVOCARE LTD",11.99,11.82,NA,NA
"259518","JANUS HENDERSON GROUP PLC",35.75,25.85,32.86,NA
"260478","HOLISTA COLLTECH LTD",0.034,0.016,0.01,NA
"260479","BIG RIVER GOLD LTD",0.29,NA,NA,NA
"260645","YOUNG AUSTRALIAN MINES LTD",NA,NA,NA,NA
"270961","REWARD MINERALS LTD",0.11,0.072,0.031,NA
"271294","BASS OIL LTD",0.0025,0.135,0.063,NA
"271295","ANTERIS TECHNOLOGIES LTD",17,19,23.48,NA
"271323","DOMINION MINERALS LIMITED",0.074,0.04,0.032,NA
"271325","TERRAMIN AUSTRALIA LTD",0.06,0.02,0.033,NA
"271605","AUDIO PIXELS HOLDINGS LTD",18.6,9,6.2,NA
"271829","NEUREN PHARMACEUTICALS LTD",3.98,13.5,21.22,NA
"272497","CODEIFAI LIMITED",0.001,0.004,0.002,NA
"272518","PO VALLEY ENERGY LTD",0.027,0.072,0.029,NA
"272603","KGL RESOURCES LTD",0.415,0.285,0.125,0.097
"272838","SUNDANCE ENERGY AUSTRALIA",NA,NA,NA,NA
"273189","DIATREME RESOURCES LTD",0.021,0.027,0.0205,NA
"274001","ENERGY METALS LTD",0.2275,0.115,0.125,NA
"274076","SIERRA RUTILE HOLDINGS LTD",NA,0.26,0.12,NA
"274255","AUSTRALIAN OIL CO LTD",0.03,0.01,0.011,NA
"274806","IMEXHS LTD",0.83,0.57,0.58,NA
"275011","OAKS HOTELS & RESORTS LTD",NA,NA,NA,NA
"275250","BROOKSIDE ENERGY LTD",0.026,0.0115,0.014,NA
"275548","ANTILLES GOLD LTD",0.069,0.037,0.02,NA
"276802","HYDROCARBON DYNAMICS LTD",0.013,0.015,0.004,NA
"277450","GEOPACIFIC RESOURCES LTD",0.21,0.026,0.019,NA
"278168","ENERGY TRANSITION MINERALS",0.071,0.045,0.038,NA
"278170","YARI MINERALS LIMITED",0.031,0.017,0.005,NA
"278245","GOLD ROAD RESOURCES LTD",1.625,1.7,1.58,NA
"278551","CALIMA ENERGY LTD",0.2,0.12,0.125,NA
"281718","FIREFINCH LTD",1.045,0.2,NA,NA
"282050","LUCAPA DIAMOND CO LTD",0.073,0.038,0.115,NA
"282321","CYCLOPHARM LTD",1.64,1.82,1.795,NA
"283453","CARBINE RESOURCES LTD",0.027,0.011,0.005,NA
"284251","BOART LONGYEAR GROUP LTD",2.45,2,2.99,NA
"284314","ENOVA MINING LTD",0.018,0.011,0.025,NA
"284723","RED SKY ENERGY LTD",0.0065,0.004,0.005,NA
"285932","GTI ENERGY LTD",0.025,0.0085,0.0075,NA
"287096","AUKING MINING LTD",0.185,0.064,0.022,NA
"287566","G8 EDUCATION LTD",1.145,1.21,1.2,NA
"287635","DOTZ NANO LTD",0.38,0.23,0.165,NA
"287760","BASSARI RESOURCES",0.013,NA,NA,NA
"287853","FLUENCE CORPORATION LTD",0.23,0.19,0.175,NA
"288229","ADVANCE METALS LIMITED",0.015,0.009,0.037,NA
"288304","NGE CAPITAL LTD",0.865,0.745,0.99,NA
"289313","TURACO GOLD LIMITED",0.105,0.07,0.175,NA
"289556","BURU ENERGY LTD",0.235,0.105,0.115,NA
"290336","SYRAH RESOURCES LIMITED",1.625,1.835,0.495,NA
"292514","TRITON MINERALS LTD",0.027,0.03,0.014,NA
"293464","METRO MINING LTD",0.032,0.013,0.038,NA
"293528","STANMORE RESOURCES LTD",1.735,3.43,3.22,NA
"293593","FRONTIER ENERGY LIMITED",0.255,0.45,0.34,NA
"293640","ABX GROUP LTD",0.185,0.11,0.055,NA
"293796","ATLAS ARTERIA LTD",6.55,6.29,5.33,NA
"294831","WEST AFRICAN RESOURCES LTD",1.25,0.96,1.2,NA
"295174","HORSESHOE METALS LTD",0.043,0.023,0.008,NA
"295427","LATIN RESOURCES LTD",0.094,0.12,0.185,NA
"295876","KULA GOLD LTD",0.048,0.016,0.0075,NA
"296032","CRITICAL RESOURCES LTD",0.079,0.045,0.014,NA
"296338","XANADU MINES LTD",0.029,0.038,0.059,NA
"296479","HARANGA RESOURCES LTD",0.21,0.14,0.115,NA
"296582","VOLTAIC STRATEGIC RESOURCES",0.001,0.0195,0.0165,NA
"296603","DICKER DATA LTD",14.59,8.19,10.77,NA
"299291","TIGERS REALM COAL LTD",0.018,0.012,0.006,NA
"307488","BRAINCHIP HOLDINGS LTD",0.965,0.475,0.31,NA
"311483","LITHIUM UNIVERSE LIMITED",0.0045,0.0015,0.02,NA
"312715","HARVEST MINERALS LTD",0.1588,0.065,0.0148,NA
"313077","YANCOAL AUSTRALIA LTD",4.44,5.8,5.24,NA
"313322","HIGHFIELD RESOURCES LTD",0.975,0.63,0.425,NA
"313355","ATRUM COAL LTD",0.013,0.005,0.005,NA
"313564","AQUIS ENTERTAINMENT LTD",0.175,0.145,NA,NA
"314719","WARATAH MINERALS LIMITED",0.0095,0.004,0.09,NA
"314971","TALON ENERGY LTD",0.009,0.15,NA,NA
"314996","INTEGRATED MEDIA TECHNOLOGY",31.14,0.455,2.31,NA
"316002","FERTOZ LTD",0.285,0.155,0.027,NA
"316613","FREELANCER LTD",0.46,0.215,0.21,NA
"317925","SMARTGROUP CORPORATION LTD",8.55,6.41,9.71,NA
"318404","WINCHESTER ENERGY LTD",0.0205,0.007,0.003,NA
"318463","NANOPAC INNOVATION LTD",NA,NA,NA,NA
"318655","TIAN POH RESOURCES",0.045,NA,NA,NA
"318772","EMBARK EARLY EDUCATION",0.72,0.55,0.675,NA
"318874","OOH MEDIA LTD",1.615,1.625,1.78,NA
"318876","LATAM AUTOS LTD",NA,NA,NA,NA
"318978","APPEN LTD",6.92,2.82,0.585,NA
"320129","COSTA GROUP HOLDINGS",3.18,2.58,NA,NA
"321005","JAYEX TECHNOLOGY LTD",0.013,0.011,0.005,NA
"321849","DRONESHIELD LTD",0.195,0.31,0.74,NA
"321870","NZME LTD",1.71,1.06,0.88,NA
"321949","RANGE INTERNATIONAL LTD",0.011,0.006,0.006,NA
"322010","AUSTRALIS OIL & GAS LTD",0.077,0.04,0.016,NA
"322155","FRONTIER DIGITAL VENTURES",1.31,0.695,0.58,NA
"322467","DUXTON WATER LTD",1.55,1.79,1.53,NA
"322903","MAYFIELD CHILDCARE LTD",1.365,1.05,0.81,NA
"323316","INHALERX LIMITED",0.097,0.047,0.05,NA
"323771","DE MEM LIMITED",0.225,0.125,0.14,NA
"323930","I SYNERGY GROUP LTD",0.071,0.017,0.007,NA
"324048","PEGMONT MINES LTD",0.05,0.044,0.0427,NA
"324055","ADVANCETC LTD",0.355,0.0949,0.006,NA
"324056","ICANDY INTERACTIVE",0.12,0.055,0.029,NA
"324114","E-PLUS LTD",NA,0.15,0.15,NA
"324133","ONE CLICK GROUP LTD",0.002,NA,NA,NA
"324138","MOBILICOM LTD",0.044,0.007,1.19,NA
"324328","EPSILON HEALTHCARE LTD",0.046,0.02,NA,NA
"324494","BERONI GROUP LTD",1.25,0.99,3.96,NA
"324500","ELSIGHT LTD",0.475,0.305,0.37,NA
"324823","IMAGION BIOSYSTEMS LIMITED",0.062,0.017,0.074,NA
"325105","PROSPECH LTD",0.048,0.019,0.039,NA
"325583","COLORTV LIMITED",0.001,NA,NA,NA
"325899","TELIX PHARMACEUTICALS LTD",4.18,6.9,12.89,NA
"325936","AIC MINES LTD",0.62,0.49,0.32,0.38
"326109","NEW ENERGY SOLAR",0.845,0.063,NA,NA
"326184","WHITEHAWK LIMITED",0.13,0.051,0.017,NA
"326368","CYGNUS METALS LIMITED",0.17,0.23,0.051,NA
"326371","ELIXINOL WELLNESS LTD",0.058,0.024,0.005,NA
"326521","ANGEL SEAFOOD H",0.195,NA,NA,NA
"326638","SIMBLE SOLUTIONS L",0.016,0.012,0.005,NA
"327102","ADRIATIC METALS PLC",1.415,2.065,1.966,NA
"327547","MARLEY SPOON SE",NA,NA,NA,NA
"327665","VIVA ENERGY GROUP",2.35,3.03,3.7,NA
"327791","NICKEL INDUSTRIES LIMITED",1.265,0.9,0.81,NA
"327920","MONTEM RESOURCES LTD",0.031,0.04,NA,NA
"327996","MELODIOL GLOBAL HEALTH LTD",0.072,0.0105,0.005,NA
"328311","NANOVEU LTD",0.033,0.026,0.023,NA
"328627","MIDAS MINERALS LTD",0.165,0.185,0.075,NA
"328874","TIMAH RESOURCES LTD",0.057,0.061,0.042,NA
"329138","HERAMED LIMITED",0.195,0.105,0.02,NA
"329444","TALIUS GROUP LIMITED",0.013,0.011,0.009,NA
"329871","NOVIQTECH LIMITED",0.04,0.008,0.006,NA
"330020","SCALARE PARTNERS HOLDINGS LI",0.11,0.046,1.104,NA
"331013","AFRICAN GOLD LTD",0.2,0.065,0.035,NA
"331528","NEXT SCIENCE LTD",0.89,0.68,0.325,NA
"332998","ADRABBIT LIMITED",0.014,0.01,NA,NA
"333391","LCL RESOURCES LTD",0.12,0.031,0.011,NA
"333823","OSTEOPORE LTD",0.175,0.086,0.3,NA
"335713","OPEN LEARNING LTD",0.066,0.015,0.017,NA
"336490","NITRO SOFTWARE LTD",1.535,2.19,NA,NA
"336868","KEMAO INDUSTRIES LTD",NA,0.57,0.57,NA
"337108","PYX RESOURCES LTD",1.225,0.33,0.51,NA
"338640","TPG TELECOM LTD",6.05,4.88,4.51,NA
"339999","SIREN GOLD LIMITED",0.45,0.099,0.055,NA
"340402","MEGADO MINERALS LIMITED",0.12,0.043,0.012,NA
"344091","AKORA RESOURCES LIMITED",0.39,0.17,0.17,NA
"345624","AOBO ENVIRONMENTAL TECHNOLOG",NA,NA,NA,NA
"345649","AURIC MINING LIMITED",0.09,0.05,0.185,NA
"345710","DALRYMPLE BAY INFRASTRUCTURE",2.15,2.68,2.74,NA
"345928","ROCKETDNA LTD",0.019,0.011,0.008,NA
"346142","3D METALFORGE LIMITED",0.046,NA,NA,NA
"346772","BASTION MINERALS LIMITED",0.15,0.026,0.01,NA
"346855","GENMIN LIMITED",0.19,0.195,0.16,NA
"347756","LOYAL LITHIUM LIMITED",0.265,0.32,0.315,NA
"348969","DRA GLOBAL LTD",2.7,2.1,2.11,NA
"348988","AERISON GROUP LIMITED",0.17,0.1,NA,NA
"349318","29METALS LIMITED",2.74,1.185,0.375,NA
"349977","ALVO MINERALS LTD",0.35,0.15,0.14,NA
"350398","AUSTRAL RESOURCES LTD",0.175,0.27,0.16,NA
"350509","JADE GAS HOLDINGS LIMITED",0.055,0.055,0.061,NA
"350989","LARVOTTO RESOURCES LTD",0.22,0.155,0.069,NA
"351070","VENTIA SERVICES GROUP LTD",2.47,2.64,3.85,NA
"351212","PANTHER METALS LTD",0.24,0.12,0.029,NA
"351262","THE HYDRATION PHARMACEUTICAL",0.27,0.082,0.015,NA
"351322","RAPID LITHIUM LTD",0.145,0.048,0.017,NA
"351694","OREXPLORE TECHNOLOGIES LTD",0.12,0.07,0.027,NA
"353144","LEO LITHIUM LIMITED",NA,0.52,0.505,NA
"353300","KINGSLAND MINERALS LTD",NA,0.18,0.235,0.22
"356597","DY6 METALS LTD",NA,NA,0.14,0.045
"358383","CHARIOT CORPORATION LIMITED",NA,NA,0.29,NA
"358607","NIDO EDUCATION LIMITED",NA,NA,0.93,NA
"359526","BRAZILIAN RARE EARTHS LTD",NA,NA,2.46,NA
"254380","SIGMA HEALTHCARE LTD",0.5,0.7,1.265,NA
"245323","NAMOI COTTON LTD",0.5,0.4,0.69,NA
"272236","JUPITER MINES LTD",0.22,0.21,NA,0.175
"282380","ORION METALS LTD",0.03,0.03,0.03,NA
"017544","CSR LTD",4.06,5.19,8.97,NA
"100477","JAMES HARDIE INDUSTRIES PLC",31.77,39.75,47.3,NA
"101256","FISHER & PAYKEL HEALTHCARE",19.98,24.5,30.08,NA
"179107","CHAMPION IRON LTD",3.675,4.045,4.24,NA
"201015","ALS LTD",10.68,11.16,14.01,NA
"201555","SMARTPAY HOLDINGS LTD",0.63,1.87,1.33,NA
"203699","TASK GROUP HOLDINGS LTD",0.17,0.465,0.875,NA
"209828","INFRATIL LTD",7.68,10.15,11.2,NA
"247593","WINGARA AG LIMITED",0.049,0.025,0.008,NA
"249874","AUSTRALIAN AGRICULTRL CO LTD",2.16,1.46,1.455,NA
"253367","WEB TRAVEL GROUP LIMITED",5.34,6.91,8.98,NA
"253534","FINDI LIMITED",0.018,0.385,4.7,NA
"274808","HYTERRA LTD",0.025,NA,NA,NA
"274820","AUSNET SERVICES",NA,NA,NA,NA
"275475","TTA HOLDINGS LTD",0.028,0.015,0.003,NA
"281811","THORN GROUP LTD",0.245,1.1,NA,NA
"282226","EXCITE TECHNOLOGY SERVICES",0.0175,0.006,0.009,NA
"284844","XERO LIMITED",76.96,118.93,136.4,NA
"289368","LEGACY IRON ORE",0.018,0.02,0.012,NA
"316964","AMPLIA THERAPEUTICS LTD",0.096,0.076,0.062,NA
"318212","EROAD LTD",1.42,1.26,1.01,NA
"318957","CATAPULT GROUP INTL",0.825,0.995,1.89,NA
"321575","VOLPARA HEALTH TECH",0.42,0.75,NA,NA
"325285","OLYMPIO METALS LIMITED",0.115,NA,NA,NA
"326211","PAYGROUP LTD",0.96,NA,NA,NA
"327264","HALO FOOD CO LIMITED",0.049,0.009,NA,NA
"339154","AROA BIOSURGERY LTD",0.66,0.925,0.5975,NA
"349004","RED RIDGE GROUP LIMITED",NA,0.11,0.011,NA
"350255","IRIS METALS LTD",0.25,1.7,0.345,NA
"351225","INFINITY MINING LIMITED",0.14,0.12,0.015,NA
"363189","WEBJET GROUP LIMITED",NA,NA,NA,NA
"223097","METCASH LTD",4.14,3.6,3.66,NA
"298537","COLLINS FOODS LTD",10.36,10.02,9.16,NA
"322141","RICEGROWERS LTD",7.35,6.5,8.9,NA
"352834","SOUTHERN CROSS GOLD LTD",0.37,0.5,2.98,NA
"038974","VAST RENEWABLES LTD",NA,10.0502,10.87,1.14
"043757","ALTA GLOBAL GROUP LTD",NA,NA,NA,1.9108
"349280","INDUSTRIAL MINERALS LTD",NA,0.37,0.49,0.175
"349405","CLEAN TEQ WATER LTD",NA,0.49,0.39,0.33
"349958","STAR MINERALS",NA,0.088,0.04,0.056
"350168","FORRESTANIA RESOURCES LTD",NA,0.185,0.045,0.015
"350192","WIN METALS LTD",NA,0.235,0.1975,0.046
"350256","EQUINOX RESOURCES LIMITED",NA,0.14,0.175,0.27
"350296","DALAROO METALS LTD",NA,0.125,0.052,0.025
"350490","ITECH MINERALS LTD",NA,0.39,0.1325,0.075
"350514","GREEN TECHNOLOGY METALS LTD",NA,0.755,0.42,0.09
"350559","COSMOS EXPLORATION LIMITED",NA,0.14,0.37,0.055
"350562","LYKOS METALS LTD",NA,0.17,0.055,0.024
"350627","DRAGONFLY BIOSCIENCES LTD",NA,NA,NA,NA
"350661","COOPER METALS LTD",NA,0.3,0.12,0.054
"350671","MINERALS 260 LTD",NA,0.26,0.46,0.13
"350672","RECHARGE METALS LIMITED",NA,0.16,0.2,0.028
"350697","DIABLO RESOURCES LIMITED",NA,0.051,0.045,0.016
"350724","LYCAON RESOURCES LTD",NA,0.31,0.275,0.295
"350725","KALGOORLIE GOLD MINING LTD",NA,0.13,0.029,0.023
"350754","AURUM RESOURCES LTD",NA,0.145,0.11,0.48
"350935","RADIOPHARM THERANOSTICS LTD",NA,0.17,0.12,0.028
"350974","WINSOME RESOURCES LIMITED",NA,0.38,1.475,0.57
"351123","BELARAROX LIMITED",NA,0.55,0.585,0.25
"351128","VERTEX MINERALS LIMITED",NA,0.15,0.14,0.175
"351329","RUBIX RESOURCES LIMITED",NA,0.105,0.25,0.071
"351334","GREENTECH METALS LTD",NA,0.14,0.4,0.11
"351461","KILLI RESOURCES LIMITED",NA,0.155,0.055,0.175
"351580","FALCON METALS LIMITED",NA,0.2,0.16,0.185
"351700","COSMO METALS LTD",NA,0.145,0.053,0.028
"352079","DMC MINING LIMITED",NA,0.115,0.067,0.058
"352302","STELAR METALS LIMITED",NA,0.18,0.3,0.086
"352347","PURE RESOURCES LIMITED",NA,0.225,0.245,0.099
"352352","NORFOLK METALS LIMITED",NA,0.17,0.18,0.105
"352367","PINNACLE MINERALS LIMITED",NA,0.14,0.09,0.052
"352530","OSMOND RESOURCES LIMITED",NA,0.185,0.115,0.28
"352650","FIRETAIL RESOURCES LIMITED",NA,0.2,0.099,0.099
"352750","LITHIUM PLUS MINERALS LTD",NA,0.605,0.47,0.115
"352967","BINDI METALS LIMITED",NA,0.2,0.165,0.09
"352971","OCEANA LITHIUM LIMITED",NA,0.53,0.225,0.031
"353057","UVRE LIMITED",NA,0.14,0.14,0.076
"353131","BELLAVISTA RESOURCES LTD",NA,0.195,0.14,0.32
"353221","OD6 METALS LIMITED",NA,0.175,0.165,0.044
"353291","SUMMIT MINERALS LIMITED",NA,0.185,0.115,0.235
"353308","METALSGROVE MINING LIMITED",NA,0.195,0.12,0.098
"353327","COOLABAH METALS LTD",NA,0.105,0.056,0.07
"353413","ILTANI RESOURCES LTD",NA,NA,0.18,0.23
"353422","CRITICAL MINERALS GROUP LTD",NA,0.27,0.235,0.2
"353606","OCTAVA MINERALS LIMITED",NA,0.175,0.087,0.096
"353737","REGENER8 RESOURCES",NA,0.16,0.15,0.1
"353828","HEAVY RARE EARTHS LTD",NA,0.175,0.091,0.032
"354345","BASIN ENERGY LTD",NA,NA,0.135,0.035
"354346","BUBALUS RESOURCES LIMITED",NA,NA,0.19,0.115
"354813","LIGHTNING MINERALS LTD",NA,NA,0.12,0.072
"354891","PATRIOT LITHIUM LIMITED",NA,NA,0.175,0.035
"355343","ACDC METALS LTD",NA,NA,0.074,0.058
"356031","LEEUWIN METALS LTD",NA,NA,0.25,0.084
"356294","NGX LIMITED",NA,NA,0.195,0.16
"357326","GREAT DIVIDE MINING LTD",NA,NA,0.295,0.225
"359805","INFINI RESOURCES LIMITED",NA,NA,NA,0.51
"360487","LITCHFIELD MINERALS LIMITED",NA,NA,NA,0.11
"360614","BLINKLAB LIMITED",NA,NA,NA,0.245
"236262","RIDDOCK INTERNATIONAL LTD",NA,NA,NA,NA
"041511","INNOVATION BEVERAG GROUP LTD",NA,NA,NA,NA
"351211","BLACK MOUNTAIN ENERGY LTD",NA,0.023,NA,NA
"355154","PATAGONIA LITHIUM LIMITED",NA,0.22,0.13,NA
"354754","DESOTO RESOURCES LTD",NA,NA,0.12,0.11
"355026","HIGH-TECH METALS LTD",NA,NA,0.185,0.145
"355181","DYNAMIC METALS LTD",NA,NA,0.205,0.195
"355769","EVERGREEN LITHIUM LTD",NA,NA,0.28,0.041
"355950","SQX RESOURCES LTD",NA,NA,0.135,0.092
"356710","CHILWA MINERALS LIMITED",NA,NA,0.16,0.98
"356885","AUGUSTUS MINERALS LTD",NA,NA,0.19,0.045
"357437","AUSTRALIAN CRITICAL MINE LTD",NA,NA,0.255,0.08
"358217","CLEO DIAGNOSTICS LTD",NA,NA,0.18,0.38
"358760","CGN RESOURCES LIMITED",NA,NA,NA,0.068
"361981","ALFABS AUSTRALIA LIMITED",NA,NA,NA,0.26
"362103","ORDELL MINERALS LIMITED",NA,NA,NA,NA
"237812","AFT CORP LTD",NA,NA,NA,NA
"361968","AXEL REE LIMITED",NA,NA,NA,0.089
