"gvkey","conm","price_2023","price_2024","eps_2023","eps_2024"
"327267","1414 DEGREES LTD",0.04,0.067,-0.0091,-0.0107
"349318","29METALS LIMITED",0.375,NA,-0.7986,NA
"284698","3D ENERGI LIMITED",0.056,0.07,0.0129,-0.0075
"317959","3P LEARNING LTD",1.27,1.02,0.023,-0.2077
"339106","4DMEDICAL LTD",0.45,0.675,-0.1049,-0.0971
"314650","4DS MEMORY LTD",0.135,0.084,-0.0038,-0.0031
"324960","5E ADVANCED MATERIALS INC",2.26,0.54,-0.7,-1.18
"325746","5G NETWORKS LIMITED",0.125,0.1475,-0.0579,-0.0836
"253429","88 ENERGY LTD",0.005,NA,-6e-04,NA
"323980","8COMMON LTD",0.075,0.041,-0.0147,-0.0114
"347044","92 ENERGY LTD",0.325,NA,-0.1005,NA
"277807","A-CAP ENERGY LTD",0.072,NA,-0.0022,NA
"241372","A2B AUSTRALIA LTD",1.63,NA,0.221,NA
"293640","ABX GROUP LTD",0.055,NA,-0.0071,NA
"253461","ACADEMIES AUSTRALASIA GROUP",0.31,0.14,-0.0212,-0.0737
"326454","ACCELERATE RESOURC",0.025,0.009,-0.0059,-0.0036
"271338","ACCENT GROUP LTD",1.96,2.38,0.1616,0.1061
"273904","ACCENT RESOURCES NL",0.008,0.006,-0.0065,-0.0084
"355343","ACDC METALS LTD",0.074,0.058,-0.0249,-0.0069
"271011","ACRUX LTD",0.039,0.056,-0.0027,-0.02
"286869","ACTINOGEN MEDICAL LTD",0.02,0.024,-0.006,-0.006
"350183","ACTIVEPORT GROUP LTD",0.125,0.041,-0.0124,-0.0302
"276602","ACTIVEX LIMITED",0.016,0.005,-0.0046,-0.0125
"345651","ACUSENSUS LIMITED",0.78,0.83,0.0024,-0.0121
"321030","AD1 HOLDINGS LTD",0.006,0.005,-0.0123,-0.0015
"235498","ADACEL TECHNOLOGIES LTD",0.56,0.495,-0.001,-0.0578
"319886","ADAIRS LTD",1.405,2.07,0.2198,0.1793
"322535","ADALTA LTD",0.022,0.017,-0.0152,-0.0109
"217880","ADAVALE RESOURCES LTD",0.012,0.002,-0.0101,-0.0057
"100835","ADBRI LTD",3.13,NA,0.1422,NA
"284447","ADELONG GOLD LIMITED",0.007,0.004,-0.0016,-0.003
"320284","ADHERIUM LTD",0.004,0.012,-0.0024,-0.0275
"340329","ADISYN LTD",0.022,0.04,-0.0219,-0.0077
"247362","ADMIRALTY RESOURCES NL",0.006,0.009,-0.0016,-0.002
"340394","ADORE BEAUTY GROUP LIMITED",0.735,1.02,-0.006,0.0232
"354240","ADRAD HOLDINGS LTD",0.95,0.73,0.0846,0.0736
"207085","ADSLOT LTD",0.005,0.001,-0.0055,-0.0033
"288229","ADVANCE METALS LIMITED",0.037,NA,-0.0234,NA
"272228","ADVANCE ZINCTEK LTD",0.96,0.78,0.027,-0.0145
"256542","ADVANCED BRAKING TECH LTD",0.044,0.075,0.0039,0.0045
"322717","ADVANCED HEALTH INTELLIGENCE",0.165,0.092,-0.0694,-0.0163
"324055","ADVANCETC LTD",0.006,NA,-0.0134,NA
"315809","ADVERITAS LTD",0.047,0.078,-0.0223,-0.0166
"247526","ADX ENERGY LTD",0.125,NA,-0.0112,NA
"319493","AEERIS LTD",0.1,0.068,-0.0026,-0.0082
"285012","AEON METALS LTD",0.015,NA,-0.0032,NA
"253299","AERIS ENVIRONMENTAL LTD",0.022,0.098,-0.0149,-0.0121
"296578","AERIS RESOURCES LTD",0.18,0.235,-0.2023,-0.0286
"336459","AEROMETREX LIMITED",0.32,0.3175,-0.0449,-0.0493
"331013","AFRICAN GOLD LTD",0.035,NA,-0.0108,NA
"100251","AGL ENERGY",10.73,11.83,-1.8789,1.0569
"286427","AGRIMIN LTD",0.195,0.16,-2e-04,-0.0173
"288405","AGUIA RESOURCES LTD",0.016,0.041,-0.0054,-0.0106
"339555","AI-MEDIA TECHNOLOGIES LTD",0.3,0.755,-0.0193,-0.0064
"250468","AINSWORTH GAME TECHNOLOGY",1.215,NA,-0.0194,NA
"102234","AIR NEW ZEALAND LTD",0.73,0.53,0.1223,0.0433
"346695","AIRTASKER LIMITED",0.195,0.3,-0.0288,-0.0064
"245996","AJ LUCAS GROUP LTD",0.013,0.009,-0.1145,-5e-04
"344091","AKORA RESOURCES LIMITED",0.17,NA,-0.0185,NA
"284712","ALARA RESOURCES LTD",0.036,0.035,-0.0027,-0.0081
"347378","ALBION RESOURCES LIMITED",0.07,0.046,-0.0141,-0.01
"287470","ALCHEMY RESOURCES LTD",0.0115,0.008,-6e-04,-0.0013
"298205","ALCIDION GROUP LTD",0.11,0.062,-0.0029,-0.0064
"324606","ALDERAN RESOURCES",0.01,0.004,-0.0043,-0.0069
"327831","ALDORO RESOURCES LTD",0.09,0.079,-0.0404,-0.0133
"246008","ALEXIUM INTERNATIONAL GROUP",0.016,0.011,-0.0046,-0.0035
"271277","ALGORAE PHARMACEUTICALS LTD",0.015,0.007,-0.0016,-0.0013
"313843","ALICANTO MINERALS LTD",0.045,0.027,-0.0157,-0.009
"271301","ALICE QUEEN LTD",0.014,0.009,-0.0076,-0.0043
"212413","ALKANE RESOURCES LTD",0.61,0.45,0.071,0.0293
"287595","ALLEGRA MEDICAL TECHNOLOGIES",0.061,NA,-0.02,NA
"311355","ALLIANCE AVIATION SERVICES",3.25,3.1,0.2268,0.3761
"253496","ALLIANCE NICKEL LIMITED",0.066,0.042,-0.006,-0.0023
"296793","ALLIGATOR ENERGY LTD",0.054,0.05,-9e-04,-9e-04
"287496","ALLKEM LIMITED",11.76,NA,0.6982,NA
"286933","ALPHA HPA LTD",0.775,1.105,-0.0187,-0.0271
"201015","ALS LTD",14.01,NA,0.0267,NA
"043757","ALTA GLOBAL GROUP LTD",NA,1.9108,NA,-0.93
"313561","ALTAIR MINERALS LIMITED",0.003,0.004,-0.0021,-0.0011
"293641","ALTAMIN LIMITED",0.065,0.03,-0.0072,-0.0089
"293850","ALTECH BATTERIES LIMITED",0.069,0.038,-0.0553,-0.0218
"249507","ALTERITY THERAPEUTICS LTD",0.007,0.003,-0.0057,-0.0052
"290339","ALTERRA LTD",0.006,NA,-0.0032,NA
"328296","ALTHEA GROUP HOLDINGS LTD",0.031,0.039,-0.0391,-0.0853
"241406","ALTIUM LTD",43.21,NA,0.5041,NA
"315808","ALTO METALS LTD",0.046,0.064,-0.0044,-0.0027
"016560","ALUMINA LTD",1.42,NA,-0.0517,NA
"349977","ALVO MINERALS LTD",0.14,NA,-0.0684,NA
"278786","AMA GROUP LTD",0.042,0.057,-0.1346,-0.0019
"335486","AMAERO INTERNATIONAL LTD",0.215,0.4,-0.0362,-0.039
"281815","AMANI GOLD LTD",0.001,0.001,-1e-04,-2e-04
"272783","AMBERTECH LTD",0.21,0.19,0.0207,0.0144
"296881","AMERICAN RARE EARTHS LTD",0.15,0.2925,-0.0111,-0.0135
"351210","AMERICAN WEST METALS LIMITED",0.14,0.11,-0.0557,-0.0377
"337597","AML3D LIMITED",0.085,0.155,-0.0268,-0.0167
"101568","AMOTIV LIMITED",11.77,10.45,0.6999,0.7084
"316964","AMPLIA THERAPEUTICS LTD",0.062,NA,-0.0232,NA
"253322","AMPLITUDE ENERGY LIMITED",0.12,0.185,-0.0261,-0.0433
"102903","AMPOL LTD",39.79,NA,2.3042,NA
"274741","ANAGENICS LIMITED",0.023,0.008,-0.0066,-0.0183
"319299","ANATARA LIFESCIENCES LTD",0.028,0.07,-0.0207,-0.0097
"271287","ANAX METALS LTD",0.036,0.022,-0.007,-0.0056
"350169","ANDEAN SILVER LIMITED",0.27,1.24,-0.0433,-0.1498
"247360","ANDROMEDA METALS LTD",0.021,0.007,-0.003,-0.0023
"345765","ANSARADA GROUP LTD",1.415,2.49,-0.0565,-0.013
"014242","ANSELL LTD",22.13,31.81,1.1742,0.5944
"295007","ANSON RESOURCES LTD",0.14,0.077,-0.0109,-0.0077
"247996","ANTEOTECH LTD",0.026,0.021,-0.0063,-0.004
"271295","ANTERIS TECHNOLOGIES LTD",23.48,NA,-4.3146,NA
"275548","ANTILLES GOLD LTD",0.02,NA,-0.0069,NA
"297281","ANTIPA MINERALS LTD",0.013,0.024,-9e-04,-6e-04
"015889","ANZ GROUP HOLDINGS LIMITED",25.92,NA,1.53,NA
"242536","APA GROUP",8.3,7.76,0.2229,0.7731
"320967","APIAM ANIMAL HEALTH LTD",0.34,0.42,0.013,0.0276
"351224","APM HUMAN SERVICES INTL LTD",1.845,1.445,0.1171,-0.2407
"287178","APOLLO MINERALS LTD",0.027,0.025,-0.0081,-0.0047
"318978","APPEN LTD",0.585,NA,-0.831,NA
"349769","AQUIRIAN LIMITED",0.18,0.19,0.0068,-0.0081
"259060","ARAFURA RARE EARTHS LIMITED",0.26,0.175,-0.0505,-0.0456
"211528","ARB CORP",31.28,47.5,1.0792,1.2491
"285927","ARCHER MATERIALS LTD",0.475,0.225,-0.0361,-0.0188
"327944","ARCHTIS LTD",0.11,0.0695,-0.0299,-0.0149
"322600","ARDEA RESOURCES LTD",0.6,0.405,-0.0248,-0.0386
"274454","ARDIDEN LTD",0.006,0.135,0.0059,-0.1631
"348566","ARGENICA THERAPEUTICS LTD",0.375,0.715,-0.055,-0.0528
"282091","ARGENT BIOPHARMA LIMITED",0.002,0.35,-0.0071,-0.4737
"290315","ARGENT MINERALS",0.011,0.018,-0.0036,-0.0016
"105420","ARGOSY MINERALS LTD",0.135,NA,-0.0076,NA
"274926","ARIKA RESOURCES LIMITED",0.002,0.028,-0.001,-2e-04
"212628","ARISTOCRAT LEISURE LTD",40.82,NA,2.2249,NA
"221178","ARIZONA LITHIUM LIMITED",0.015,0.015,-0.0058,-0.0065
"297614","ARK MINES LTD",0.175,0.185,-0.0223,-0.0217
"312461","ARMOUR ENERGY LTD",0.12,NA,-0.0086,NA
"339154","AROA BIOSURGERY LTD",0.5975,NA,-0.0309,NA
"253353","AROVELLA THERAPEUTICS LTD",0.068,0.155,-0.0143,-0.0093
"274466","ARROW MINERALS LTD",0.005,NA,-3e-04,NA
"283014","ARTEMIS RESOURCES LTD",0.028,0.013,-0.0117,-0.01
"321653","ARTICORE GROUP LIMITED",0.465,0.395,-0.1959,-0.0314
"350957","ARTRYA LIMITED",0.21,0.26,-0.1421,-0.178
"295125","ARUMA  RESOURCES LTD",0.036,0.016,-0.0192,-0.0057
"208001","ASARA RESOURCES LIMITED",0.026,0.015,-0.0186,-0.0019
"318223","ASHLEY SERVICES GROUP LTD",0.505,0.185,0.075,0.0094
"348989","ASKARI METALS LTD",0.185,0.022,-0.1044,-0.0629
"253505","ASPERMONT LTD",0.009,NA,-7e-04,NA
"282583","ASPIRE MINING LTD",0.09,NA,-7e-04,NA
"316763","ASSET VISION CO LIMITED",0.009,0.028,-0.0123,-1e-04
"298137","ASSETOWL LTD",0.001,0.001,-0.0023,-3e-04
"271332","ASSOCIATE GLOBAL PARTNERS",0.21,0.14,-0.0411,-0.0149
"298142","ASTON MINERALS LIMITED",0.03,0.014,-0.0229,-0.0046
"212418","ASTRAL RESOURCES NL",0.084,0.12,-0.0057,-0.0032
"024433","ASTUTE METALS NL",0.037,0.027,-0.0119,-0.0101
"281755","ATHENA RESOURCES LTD",0.006,0.006,-7e-04,-7e-04
"319228","ATLANTIC LITHIUM LIMITED",0.252,0.1314,-0.0203,-0.0203
"293796","ATLAS ARTERIA LTD",5.33,NA,0.223,NA
"211531","ATLAS PEARLS LTD",0.078,0.125,0.0214,0.0737
"338241","ATOMO DIAGNOSTICS LTD",0.026,0.021,-0.0174,-0.0108
"329929","ATOMOS LIMITED",0.065,0.041,-0.1812,-0.061
"313355","ATRUM COAL LTD",0.005,NA,-0.0043,NA
"351434","ATTURRA LIMITED",0.855,1.02,0.0471,0.0359
"274487","AUB GROUP LTD",29.14,30.78,0.6536,1.2566
"222761","AUCKLAND INTL AIRPORT LTD",7.91,7.47,0.0293,0.0037
"298637","AUCTUS INVESTMENT GROUP LTD",0.72,0.55,-0.0039,0.0265
"344092","AUCYBER LIMITED",0.105,0.255,-0.1251,-0.351
"298262","AUDALIA RESOURCES LTD",0.012,0.018,-0.0013,-0.0014
"347506","AUDEARA LIMITED",0.038,0.056,-0.0288,-0.0111
"324873","AUDINATE GROUP LTD",13.53,9.78,0.1375,0.125
"271605","AUDIO PIXELS HOLDINGS LTD",6.2,NA,-0.5015,NA
"287096","AUKING MINING LTD",0.022,NA,-0.064,NA
"310593","AUMAKE LIMITED",0.004,0.008,-0.0033,-0.0036
"323769","AUMEGA METALS LTD",0.05,NA,-0.0129,NA
"277902","AURA ENERGY LTD",0.34,0.17,-0.0119,-0.0101
"284527","AURELIA METALS LTD",0.089,0.175,-0.0416,-0.0034
"345649","AURIC MINING LIMITED",0.185,NA,0.01,NA
"244396","AURIS MINERALS LTD",0.008,0.005,-0.0103,-0.0093
"295910","AURIZON HOLDINGS LTD",3.49,3.53,0.176,0.2206
"352942","AURORA ENERGY METALS LIMITED",0.16,0.053,-0.039,-0.0132
"322120","AURORA LABS LTD",0.021,0.075,-0.0144,-0.0099
"350754","AURUM RESOURCES LTD",0.11,0.48,-0.0402,-0.0371
"343912","AURUMIN LTD",0.027,0.047,-0.0346,-0.0086
"247361","AUSCANN GROUP HOLDINGS LTD",0.04,NA,-0.0243,NA
"293577","AUSGOLD LTD",0.032,0.475,-0.0025,-0.0036
"291797","AUSMON RESOURCES LTD",0.0035,0.003,-5e-04,-3e-04
"259261","AUSQUEST LTD",0.013,0.011,4e-04,3e-04
"340137","AUSSIE BROADBAND LTD",4.11,3.85,0.0914,0.0974
"232041","AUSTAL LTD",1.88,2.91,-0.038,0.041
"256540","AUSTCHINA HOLDINGS LTD",0.004,0.002,-6e-04,-7e-04
"271176","AUSTCO HEALTHCARE LTD",0.19,0.255,0.0078,0.0233
"272233","AUSTIN ENGINEERING LTD",0.265,0.535,0.0122,0.0507
"298267","AUSTIN METALS LTD",0.007,0.004,-6e-04,-6e-04
"248795","AUSTRAL GOLD LTD",0.026,NA,-0.0118,NA
"350398","AUSTRAL RESOURCES LTD",0.16,NA,0.0179,NA
"347377","AUSTRALASIAN METALS LIMITED",0.2,0.11,-0.0048,-0.0064
"300787","AUSTRALIA UNITED MINING LTD",0.003,0.002,-1e-04,-9e-04
"325303","AUSTRALIAN ADVENTURE TOURISM",0.055,0.06,0.0152,0.0167
"249874","AUSTRALIAN AGRICULTRL CO LTD",1.455,NA,-0.1584,NA
"259658","AUSTRALIAN AGRICULTURAL PROJ",0.02,0.036,0.0018,0.0037
"347733","AUSTRALIAN CLINICAL LABS LTD",2.85,3.67,0.179,0.1203
"357437","AUSTRALIAN CRITICAL MINE LTD",NA,0.08,NA,-0.0625
"278229","AUSTRALIAN DAIRY NUTRITIONAL",0.018,0.018,-0.0122,-0.0113
"346152","AUSTRALIAN GOLD AND COPPER",0.065,0.245,-0.0166,-0.0039
"253361","AUSTRALIAN MINES LTD",0.013,0.007,-0.0079,-0.0039
"274255","AUSTRALIAN OIL CO LTD",0.011,NA,9e-04,NA
"253431","AUSTRALIAN PACIFIC COAL LTD",0.12,0.17,-0.0523,-0.0274
"315788","AUSTRALIAN POTASH LTD",0.004,0.001,-0.0444,3e-04
"348777","AUSTRALIAN RARE EARTHS LTD",0.22,0.12,-0.0181,-0.0223
"286872","AUSTRALIAN SILICA QUARTZ GRP",0.05,0.022,-0.008,-9e-04
"339267","AUSTRALIAN STRATEGIC MATL",1.46,0.56,-0.1576,-0.1485
"282939","AUSTRALIAN VANADIUM LTD",0.029,0.014,-0.0017,-0.0024
"211545","AUSTRALIAN VINTAGE LTD",0.38,0.155,0.0159,-0.3653
"322010","AUSTRALIS OIL & GAS LTD",0.016,NA,-0.0121,NA
"322858","AUTOSPORTS GROUP LTD",2.48,2.07,0.3255,0.3028
"212381","AV JENNINGS LTD",0.395,0.31,0.0524,0.002
"319672","AVA RISK GROUP LIMITED",0.195,0.098,-0.0041,-0.0198
"351261","AVADA GROUP LIMITED",0.515,0.505,-0.0768,0.0182
"248181","AVECHO BIOTECHNOLOGY LTD",0.005,NA,-0.0015,NA
"279350","AVENIRA LTD",0.011,0.011,-0.0025,-0.0015
"315814","AVIRA RESOURCES LTD",0.002,0.001,-6e-04,-3e-04
"290327","AVZ MINERALS LTD",0.78,NA,-0.0039,NA
"278452","AXP ENERGY LIMITED",0.001,0.001,-0.0011,-2e-04
"260398","AZURE MINERALS LTD",2.7,NA,-0.0859,NA
"320481","BABY BUNTING GROUP LTD",2.12,1.805,0.0736,0.0372
"254385","BABYLON PUMP & POWER LTD",0.004,0.006,-6e-04,2e-04
"349208","BALKAN MINING AND MINERALS",0.2,0.052,-0.0904,-0.0349
"349043","BALLYMORE RESOURCES LTD",0.085,0.14,-0.0064,-0.0116
"272833","BANNERMAN ENERGY LTD",2.82,3.14,-0.0309,-0.0627
"317476","BAPCOR LTD",6.8,5.31,0.3136,-0.4664
"348712","BARTON GOLD HOLDINGS LIMITED",0.205,0.25,-0.0323,-0.0469
"289969","BASE RESOURCES LTD",0.17,0.255,-0.0042,-0.0011
"354345","BASIN ENERGY LTD",0.135,0.035,-0.02,-0.0303
"271294","BASS OIL LTD",0.063,NA,0.001,NA
"346772","BASTION MINERALS LIMITED",0.01,NA,-0.0362,NA
"247575","BATTERY AGE MINERALS LTD",0.275,0.115,-0.0679,-0.0402
"319914","BAUMART HOLDINGS LTD",0.1,0.084,-0.0021,-0.0323
"349597","BCAL DIAGNOSTICS LIMITED",0.105,0.125,-0.024,-0.026
"282001","BCI MINERALS LTD",0.265,0.29,0.0077,-0.0269
"101392","BEACH ENERGY LTD",1.64,1.215,0.1758,-0.2085
"317454","BEACON LIGHTING GROUP LTD",1.85,2.92,0.1505,0.1335
"279407","BEACON MINERALS LTD",0.025,0.022,0.0014,0.0024
"253426","BEAM COMMUNICATIONS HLDG LTD",0.17,0.14,0.024,-0.0207
"331957","BEAMTREE HOLDINGS LTD",0.225,0.315,-0.028,-0.0181
"298675","BEGA CHEESE LTD",2.52,5.26,-0.7566,0.1002
"351123","BELARAROX LIMITED",0.585,0.25,-0.0374,-0.0418
"353131","BELLAVISTA RESOURCES LTD",0.14,0.32,-0.0189,-0.0272
"274905","BELLEVUE GOLD LTD",1.385,1.32,-0.0228,0.0652
"324052","BENDIGO TELCO LTD",0.5,0.5,0.0081,-0.756
"248831","BEONIC LIMITED",0.032,0.03,-0.0241,-0.0171
"260379","BERKELEY ENERGIA LTD",0.38,0.36,-0.0031,-0.0073
"324494","BERONI GROUP LTD",3.96,NA,-0.4675,NA
"320280","BESTON GLOBAL FOOD CO LTD",0.006,NA,-0.0279,NA
"320960","BETMAKERS TECHNOLOGY GRP LTD",0.092,0.082,-0.0416,-0.0403
"013312","BHP GROUP LTD",44.25,45.96,2.5515,1.5582
"324119","BIG RIVER INDUSTRIES LTD",2.18,1.485,0.2676,0.0959
"323839","BIGTINCAN HOLDINGS LTD",0.365,0.16,-0.0472,-0.0231
"346144","BIKEEXCHANGE PTY LTD",0.006,NA,-0.0083,NA
"352967","BINDI METALS LIMITED",0.165,0.09,-0.066,-0.0395
"326026","BIO GENE TECHNOLOG",0.072,0.047,-0.0185,-0.013
"351050","BIOME AUSTRALIA LIMITED",0.14,0.7,-0.0153,-0.008
"248148","BIOTRON LTD",0.068,0.019,-0.0043,-0.0038
"249521","BIOXYNE LTD",0.014,0.013,-0.0014,-0.0066
"351492","BIRDDOG TECHNOLOGY LIMITED",0.13,0.066,-0.0273,-0.0868
"256982","BISALLOY STEEL GROUP LTD",2,3.35,0.2703,0.3304
"347210","BLACK CANYON LIMITED",0.12,0.065,-0.0391,-0.0297
"326367","BLACK CAT SYNDICATE LTD",0.21,0.46,-0.0203,-0.0126
"259429","BLACK ROCK MINING LTD",0.085,0.051,-0.0092,-0.0089
"324110","BLACKSTONE MINERAL LTD",0.125,0.037,-0.068,-0.0344
"248785","BLAZE MINERALS LIMITED",0.011,0.004,-0.0029,-0.0047
"248832","BLUE ENERGY LTD",0.013,0.009,-8e-04,-0.0074
"211523","BLUE STAR HELIUM LTD",0.007,NA,-0.0019,NA
"349362","BLUEBET HOLDINGS LTD",0.215,0.215,-0.0941,-0.2196
"298064","BLUECHIIP LTD",0.025,0.003,-0.0082,-0.0049
"252290","BLUESCOPE STEEL LTD",19.44,22.2,2.1617,1.7976
"279175","BLUGLASS LTD",0.039,0.025,-0.0086,-0.0063
"271275","BMG RESOURCES LTD",0.011,0.01,-0.0067,-0.0111
"271309","BOAB METALS LTD",0.135,0.12,-0.0358,-0.018
"314712","BOADICEA RESOURCES LTD",0.04,0.019,-0.0112,-0.0065
"284251","BOART LONGYEAR GROUP LTD",2.99,NA,0.0447,NA
"324102","BOD SCIENCE LIMITED",0.075,0.024,-0.0563,-0.0368
"258647","BOOM LOGISTICS LTD",0.115,0.14,-0.0121,0.0155
"234876","BORAL LTD",4.45,NA,0.1432,NA
"285491","BOSS ENERGY LIMITED",4.85,3.29,0.0356,0.1163
"353340","BOTALA ENERGY LTD",0.09,0.07,-0.01,-0.0128
"201669","BOTANIX PHARMACEUTICALS LTD",0.12,0.405,-0.0079,-0.0092
"253314","BOUNTY OIL & GAS NL",0.007,0.005,-0.0021,-6e-04
"247537","BPH GLOBAL LTD",0.0015,0.003,-0.0037,-0.0064
"345563","BPM MINERALS LIMITED",0.084,0.105,-0.0283,-0.0482
"307488","BRAINCHIP HOLDINGS LTD",0.31,NA,-0.0157,NA
"100461","BRAMBLES LTD",14.32,19.03,0.4662,0.5605
"278209","BRAVURA SOLUTIONS LTD",0.745,1.375,-0.9166,0.0196
"273809","BRAZILIAN CRITICAL MINERALS",0.026,0.012,-0.0099,-0.009
"242650","BREVILLE GROUP LTD",22,34.14,0.7723,0.8269
"209933","BRICKWORKS LTD",24.51,27.14,2.6633,-0.8698
"354132","BRIDGE SAAS LIMITED",0.036,0.02,-0.0764,-0.0189
"259418","BRIGHTSTAR RESOURCES LTD",0.011,0.017,0.0024,-0.0027
"253317","BRISBANE BRONCOS LTD",1.04,NA,0.0574,NA
"322560","BROO LTD",0.009,NA,-0.0016,NA
"275250","BROOKSIDE ENERGY LTD",0.014,NA,0.0034,NA
"324569","BRYAH RESOURCES",0.015,0.004,-0.0066,-0.0038
"242645","BSA LTD",0.6,1.02,0.0829,0.2617
"354346","BUBALUS RESOURCES LIMITED",0.19,0.115,-0.0246,-0.0111
"296392","BULLETIN RESOURCES LTD",0.079,0.048,0.0019,-0.0022
"314584","BURGUNDY DIAMOND MINES LTD",0.18,NA,-0.08,NA
"348958","BURLEY MINERALS LTD",0.18,0.07,-0.018,-0.053
"289556","BURU ENERGY LTD",0.115,NA,-0.0085,NA
"290338","BUXTON RESOURCES",0.21,0.062,-0.0183,-0.0232
"350276","C29 METALS LTD",0.077,0.067,-0.0601,-0.0523
"254395","CADOUX LIMITED",0.07,0.065,-0.0115,-0.0101
"278551","CALIMA ENERGY LTD",0.125,NA,-0.0045,NA
"327723","CALIX LTD",2.82,1.155,-0.1333,-0.1392
"316197","CAMBIUM BIO LTD",0.008,NA,-0.0055,NA
"348995","CAMPLIFY HOLDINGS LTD",2.07,1.26,-0.0629,-0.1136
"324146","CANN GROUP LTD",0.12,0.095,-0.0908,-0.1193
"272977","CANNINDAH RESOURCES LTD",0.115,0.042,-0.0035,-0.0026
"329497","CANTERBURY RESOURCES LTD",0.027,0.034,-0.006,-0.0044
"294867","CANYON RESOURCES LTD",0.048,0.096,-0.0054,-0.008
"276762","CAP-XX",0.0148,NA,-0.0105,NA
"201025","CAPE RANGE LTD",0.12,NA,-0.0059,NA
"278101","CAPITOL HEALTH LTD",0.21,0.365,-0.0108,-0.014
"101420","CAPRAL LIMITED",9.3,NA,1.7747,NA
"328125","CAPRICE RESOURCES LTD",0.036,0.028,-0.0127,-0.0085
"289353","CAPRICORN METALS LTD",4.12,5.75,0.0118,0.2313
"292734","CAR GROUP LTD",27.94,37.46,1.8126,0.6631
"281428","CARAVEL MINERALS LTD",0.16,0.18,-0.0244,-0.0123
"325932","CARAWINE RESOURCES LTD",0.15,0.094,-0.006,-0.0051
"283453","CARBINE RESOURCES LTD",0.005,NA,-0.0025,NA
"326221","CARBONXT GROUP LIM",0.064,0.068,-0.0247,-0.0273
"274416","CARDIEX LTD",0.135,0.059,-0.1452,-0.0337
"270850","CARDNO LTD",0.28,0.335,-0.0157,0.1931
"351625","CARETEQ LIMITED",0.022,0.012,-0.035,-0.0085
"253366","CARLY HOLDINGS LTD",0.017,0.013,-0.0178,-0.0157
"324099","CARNABY RESOURCES LTD",0.88,0.455,-0.0829,-0.0737
"248809","CARNARVON ENERGY LIMITED",0.16,0.155,-0.0023,-4e-04
"283454","CARNAVALE RESOURCES LTD",0.007,0.004,-2e-04,-2e-04
"221095","CARNEGIE CLEAN ENERGY LTD",0.002,0.038,0,-0.0074
"339783","CASPIN RESOURCES LTD",0.14,0.054,-0.1439,-0.0268
"278629","CASSIUS MINING LTD",0.031,0.006,-0.0019,-0.0029
"336572","CASTILE RESOURCES LTD",0.051,0.078,-0.0059,-0.0028
"296276","CASTILLO COPPER LTD",0.008,0.004,-0.0053,-0.0011
"277181","CASTLE MINERALS LTD",0.0095,0.003,-0.0054,-0.0024
"294022","CATALINA RESOURCES LTD",0.005,0.004,-0.0012,-7e-04
"278526","CATALYST METALS LTD",0.565,2.75,-0.1264,0.1069
"318957","CATAPULT GROUP INTL",1.89,NA,-0.0697,NA
"272294","CAULDRON ENERGY LTD",0.013,0.02,-0.0032,-0.0044
"352968","CAVALIER RESOURCES LTD",0.135,0.15,-0.0177,-0.017
"259002","CAZALY RESOURCES LTD",0.04,0.015,-0.0057,-0.0019
"235645","CELSIUS RESOURCES LTD",0.012,0.012,-0.0034,-0.001
"253482","CENTAURUS METALS LTD",0.3,NA,-0.0895,NA
"275680","CENTRAL PETROLEUM LTD",0.052,0.0545,-0.0109,0.0168
"278405","CENTREX LIMITED",0.074,0.04,-0.0156,-0.0264
"345968","CETTIRE LIMITED",2.88,1.865,0.0419,0.0278
"324095","CFOAM LTD",0.002,NA,-2e-04,NA
"275872","CHALICE MINING LTD",2.32,1.54,-0.1738,-0.1041
"287503","CHALLENGER GOLD LTD",0.08,NA,0.047,NA
"179107","CHAMPION IRON LTD",4.24,NA,0.45,NA
"321887","CHANGE FINANCIAL LTD",0.059,0.075,-0.0054,-0.0041
"348984","CHARGER METALS NL",0.125,0.086,-0.0267,-0.0337
"358383","CHARIOT CORPORATION LIMITED",0.29,NA,-0.1048,NA
"284813","CHESSER RESOURCES LTD",0.105,NA,-0.0084,NA
"356710","CHILWA MINERALS LIMITED",NA,0.98,NA,-0.026
"346047","CHIMERIC THERAPEUTICS LTD",0.028,0.014,-0.0598,-0.018
"308388","CHORUS LTD",7.07,7.95,0.0564,-0.0207
"353008","CHRYSOS CORPORATION LIMITED",6.29,5.75,0.0045,-0.0065
"260483","CIRRUS NETWORKS HOLDINGS LTD",0.06,NA,0.0019,NA
"211557","CITIGOLD CORP LTD",0.004,0.005,-8e-04,-8e-04
"241401","CITY CHIC COLLECTIVE LTD",0.38,0.135,-0.1942,-0.165
"295646","CLARA RESOURCES AUSTRALIA",0.023,0.009,-0.0711,-0.0278
"349739","CLARITY PHARMACEUTICALS LTD",1.17,8.38,-0.0948,-0.1549
"315417","CLASSIC MINERALS LTD",0.001,NA,-0.0116,NA
"274762","CLEAN SEAS SEAFOOD LTD",0.47,0.155,0.0362,-0.1812
"349405","CLEAN TEQ WATER LTD",0.39,0.33,-0.0951,-0.0504
"272847","CLEANAWAY WASTE MGMT LTD",2.43,2.94,0.0098,0.0703
"340282","CLEANSPACE HOLDINGS LIMITED",0.29,0.5,-0.1056,-0.0405
"327074","CLEARVUE TECHNOLOG",0.33,0.455,-0.0349,-0.0544
"278652","CLEVER CULTURE SYSTEMS LTD",0.011,0.016,-0.0683,-0.004
"249488","CLINUVEL PHARMACEUTICALS LTD",14.71,14.02,0.6194,0.7151
"351195","CLOSE THE LOOP LTD",0.37,0.21,0.0323,0.0208
"242643","CLOVER CORP LTD",0.89,0.515,0.0372,0.0091
"344058","CLUEY LTD",0.094,0.036,-0.1254,-0.0684
"323619","COBALT BLUE HLDGS",0.255,0.082,-0.0155,-0.098
"349886","COBRAM ESTATE OLIVES LTD",1.35,1.7,0.0186,0.0445
"336879","COBRE LIMITED",0.054,0.074,-0.0072,-0.008
"212635","COCHLEAR LTD",255.32,282.09,4.571,5.4443
"333058","CODA MINERALS LTD",0.185,0.09,-0.0573,-0.0306
"259267","CODAN LTD",7.9,16.12,0.3746,0.4495
"272497","CODEIFAI LIMITED",0.002,NA,-0.007,NA
"348632","CODRUS MINERALS LIMITED",0.067,0.02,-0.0358,-0.0339
"278953","COGENT DEVELOPMENT GROUP LTD",0.011,NA,0,NA
"260641","COGSTATE LTD",1.525,1.035,0.0206,0.0317
"248146","COKAL LTD",0.125,0.08,-0.0086,-0.0091
"329498","COLES GROUP LTD",15.56,18.06,0.7811,0.8456
"298537","COLLINS FOODS LTD",9.16,NA,0.4735,NA
"247687","COMET RESOURCES LTD",0.2,NA,-0.0295,NA
"270219","COMET RIDGE LTD",0.165,0.175,-0.0067,-0.0068
"326098","COMMS GROUP LIMITED",0.076,0.076,-0.0015,-3e-04
"345930","COMPLII FINTECH SOLUTIONS LT",0.04,0.026,-0.0105,-0.0093
"242341","COMPUMEDICS LTD",0.185,0.3,-0.0346,-0.0019
"273035","CONDOR ENERGY LTD",0.014,0.033,-0.0144,-0.0065
"285096","CONICO LTD",0.006,0.002,-6e-04,-0.0215
"247359","CONNECTED MINERALS LIMITED",0.018,0.36,-0.0014,-0.0013
"251620","CONNEXION MOBILITY LTD",0.023,0.027,0.0019,0.002
"327268","CONSTELLATION RESO",0.165,0.155,-0.0255,-0.0362
"242599","CONSTELLATION TECHNOLOGIES",0.002,0.002,-1e-04,-1e-04
"345696","CONTROL BIONICS LIMITED",0.073,0.068,-0.0624,-0.0371
"353327","COOLABAH METALS LTD",0.056,0.07,-0.052,-0.0258
"350661","COOPER METALS LTD",0.12,0.054,-0.0225,-0.0218
"349939","COPPER SEARCH LIMITED",0.2,0.057,-0.0429,-0.0451
"272241","COPPER STRIKE LTD",0.155,0.155,-0.02,0
"290342","COPPERMOLY LIMITED",0.012,0.011,-4e-04,-0.0016
"273250","CORAZON MINING LTD",0.012,0.005,-0.0011,-0.0043
"304129","CORE LITHIUM LTD",0.405,0.13,0.0059,-0.0988
"296280","CORPORATE TRAVEL MGMT LTD",16.85,12.9,0.5307,0.5787
"351700","COSMO METALS LTD",0.053,0.028,-0.0136,-0.0186
"350559","COSMOS EXPLORATION LIMITED",0.37,0.055,-0.0566,-0.0683
"336993","COSOL LTD",0.885,0.945,0.0543,0.0498
"201317","COVENTRY GROUP LTD",1.05,1.26,0.0268,0.0068
"248816","CPT GLOBAL LTD",0.12,0.076,-0.0492,-0.0379
"343910","CREDIT CLEAR LIMITED",0.19,0.32,-0.0296,-0.0108
"291150","CREDIT INTELLIGENCE LTD",0.145,0.11,-0.0697,-0.1186
"279180","CRITICA LIMITED",0.01,0.015,-0.0052,-0.0029
"353422","CRITICAL MINERALS GROUP LTD",0.235,0.2,-0.0326,-0.0324
"296032","CRITICAL RESOURCES LTD",0.014,NA,-0.0027,NA
"253324","CRYOSITE LTD",0.65,0.8,0.0289,0.0377
"223003","CSL LTD",250.8,286.28,4.5502,5.4699
"017544","CSR LTD",8.97,NA,0.4848,NA
"221464","CTI LOGISTICS LTD",1.51,1.77,0.2227,0.2049
"201350","CUE ENERGY RESOURCES LTD",0.062,0.096,0.0218,0.0203
"274273","CUFE LTD",0.015,0.008,-0.0115,-0.012
"227297","CULLEN RESOURCES NL",0.01,0.006,-0.0025,-0.0021
"349569","CULPEO MINERALS LTD",0.032,0.029,-0.0447,-0.0191
"253524","CYCLONE METALS LTD",0.001,0.001,-8e-04,-5e-04
"282321","CYCLOPHARM LTD",1.795,NA,-0.0507,NA
"326368","CYGNUS METALS LIMITED",0.051,NA,-0.0584,NA
"290330","CYNATA THERAPEUTICS LTD",0.13,0.215,-0.0984,-0.0543
"210260","CYPRIUM METALS LTD",0.019,NA,-0.0201,NA
"278749","CZR RESOURCES LTD",0.145,0.275,-0.0321,0.0445
"314073","DACIAN GOLD LTD",0.105,NA,-0.0517,NA
"350296","DALAROO METALS LTD",0.052,0.025,-0.0449,-0.0193
"345710","DALRYMPLE BAY INFRASTRUCTURE",2.74,NA,0.1491,NA
"334105","DAMSTRA HOLDINGS LTD",0.1,NA,-0.2175,NA
"259075","DANAKALI LTD",0.41,NA,0.0041,NA
"284647","DART MINING NL",0.021,0.016,-0.0059,-0.0082
"242679","DATA3 LTD",7.08,7.58,0.2396,0.28
"271835","DATADOT TECHNOLOGY LTD",0.003,0.003,-1e-04,1e-04
"304887","DATELINE RESOURCES LTD",0.012,0.005,-0.0188,-0.0142
"346518","DDH 1 DRILLING PTY LTD",0.84,NA,0.1032,NA
"253326","DE GREY MINING LTD",1.115,1.39,-0.0125,-0.0093
"323771","DE MEM LIMITED",0.14,NA,-0.0128,NA
"272816","DECMIL GROUP LTD",0.17,NA,-0.0119,NA
"102202","DEEP YELLOW LTD",1.315,1.375,-0.0142,-0.0131
"347054","DELOREAN CORPORATION LTD",0.023,0.1,-0.0464,0.0221
"325305","DELTA LITHIUM LIMITED",0.75,0.235,-0.0218,-0.0197
"345461","DESERT METALS LIMITED",0.042,0.022,-0.0103,-0.0621
"248766","DESIGN MILK CO LTD",0.3,NA,0,NA
"354754","DESOTO RESOURCES LTD",0.12,0.11,-0.0224,-0.019
"342576","DETERRA ROYALTIES LTD",4.79,4.04,0.2885,0.293
"284635","DEVELOP GLOBAL LIMITED",3.45,2.48,-0.1072,-0.0537
"248789","DEVEX RESOURCES LTD",0.37,0.165,-0.036,-0.0258
"203209","DGL GROUP LIMITED",0.89,0.47,0.0679,0.0503
"260559","DGR GLOBAL LTD",0.026,0.016,-0.0091,-0.0447
"350697","DIABLO RESOURCES LIMITED",0.045,0.016,-0.0557,-0.1039
"273189","DIATREME RESOURCES LTD",0.0205,NA,0.0028,NA
"296603","DICKER DATA LTD",10.77,NA,0.4559,NA
"253380","DIGITAL X LTD",0.029,0.042,-0.0102,-0.0061
"253528","DIMERIX LTD",0.061,0.375,-0.0424,-0.0377
"313552","DISCOVERY ALASKA LIMITED",0.019,0.01,-0.0018,-0.0068
"352079","DMC MINING LIMITED",0.067,0.058,-0.0455,-0.0601
"325957","DOMAIN HOLDINGS AUSTRALIA LT",4,3.2,0.058,0.0689
"317333","DOME GOLD MINES LTD",0.185,0.1,-0.0085,-0.0061
"271323","DOMINION MINERALS LIMITED",0.032,NA,-0.0107,NA
"273011","DOMINOS PIZZA ENTERPRISES LT",53.18,35.45,0.7615,1.0269
"271731","DONACO INTERNATIONAL LTD",0.04,0.032,-0.0298,0.03
"316874","DORSAVI LTD",0.011,0.01,-0.0039,-0.0023
"287635","DOTZ NANO LTD",0.165,NA,-0.0137,NA
"340294","DOUUGH PTY LTD",0.006,0.005,-0.0066,-0.0014
"241380","DOWNER EDI LTD",4.12,5.48,-0.5903,0.0837
"348969","DRA GLOBAL LTD",2.11,NA,0.3611,NA
"285561","DRAGON MOUNTAIN GOLD LTD",0.009,0.006,-0.0013,-7e-04
"279626","DREADNOUGHT RESOURCES LTD",0.047,0.016,-0.0018,-0.0018
"321849","DRONESHIELD LTD",0.74,NA,0.0201,NA
"318811","DTI GROUP LTD",0.02,0.009,-0.0021,-0.0056
"253398","DUBBER CORP LTD",0.145,0.03,-0.2253,-0.0876
"339026","DUG TECHNOLOGY LTD",1.9,2.53,0.0424,0.0234
"318151","DUKETON MINING LTD",0.305,0.12,-0.0234,-0.0285
"343951","DURATEC LIMITED",1.29,1.42,0.0791,0.0866
"340392","DUSK GROUP LIMITED",1,1.155,0.1861,0.0685
"322467","DUXTON WATER LTD",1.53,NA,0.048,NA
"327032","DXN LIMITED",0.002,0.079,-0.0057,-0.0155
"356597","DY6 METALS LTD",0.14,0.045,-0.1045,-0.0268
"338975","DYNAMIC GROUP HOLDINGS LTD",0.255,0.26,0.0155,-0.062
"355181","DYNAMIC METALS LTD",0.205,0.195,-0.0366,0.059
"324114","E-PLUS LTD",0.15,NA,-0.0026,NA
"221877","EAGERS AUTOMOTIVE LTD",14.16,NA,1.1074,NA
"326562","EAGLE MOUNTAIN MIN",0.077,0.05,-0.0476,-0.0197
"294057","EARLYPAY LTD",0.255,0.185,-0.0268,0.0086
"313562","EARTHS ENERGY LIMITED",0.041,0.018,-0.0019,-0.0028
"350258","EASTERN METALS LTD",0.033,0.02,-0.0451,-0.0225
"288926","EASTERN RESOURCES LIMITED",0.01,0.004,-6e-04,-7e-04
"201739","EBOS GROUP LTD",34.2,36.14,1.3293,1.4131
"296321","ECHO IQ LIMITED",0.195,0.225,-0.0184,-0.0109
"296882","ECLIPSE METALS LTD",0.013,0.006,-0.0013,-6e-04
"331130","ECOFIBRE LTD",0.18,0.032,-0.1189,-0.118
"314652","ECOGRAF LTD",0.11,0.092,-0.0162,-0.0125
"332970","ECS BOTANICS HOLDINGS LTD",0.021,0.019,4e-04,0.0016
"277955","EDEN INNOVATIONS LTD",0.003,0.002,-0.0064,-0.0022
"271317","EDU HOLDINGS LIMITED",0.1,NA,-0.0171,NA
"318006","ELANOR INVESTORS GROUP",1.53,NA,-0.1409,NA
"202362","ELDERS LTD",7.53,NA,0.6444,NA
"249495","ELECTRO OPTIC SYSTEMS LTD",1.655,NA,-0.209,NA
"281479","ELEMENT 25 LTD",0.41,0.335,-0.1426,-0.0986
"293625","ELEMENTOS LTD",0.13,0.087,-0.0123,-0.0066
"210904","ELEVATE URANIUM LTD",0.55,0.4,-0.0319,-0.0365
"326371","ELIXINOL WELLNESS LTD",0.005,NA,-0.0159,NA
"271303","ELIXIR ENERGY LTD",0.066,0.175,-0.0032,-0.0014
"253388","ELMORE LTD",0.005,NA,-0.0192,NA
"324500","ELSIGHT LTD",0.37,NA,-0.0245,NA
"249486","EMBELTON LTD",10.5,8.6,0.4402,0.5843
"278546","EMECO HOLDINGS LTD",0.63,0.76,0.0799,0.102
"246015","EMERALD RESOURCES NL",2.7,3.86,0.121,0.1357
"316196","EMETALS LTD",0.008,0.004,0.0044,-0.0067
"275186","EML PAYMENTS LTD",1.175,0.65,-0.7618,-0.0257
"287692","EMMERSON RESOURCES LTD",0.063,0.043,-0.0047,-0.0054
"279419","EMPEROR ENERGY LTD",0.013,0.017,-0.0038,-0.0025
"102114","EMPIRE ENERGY GROUP LTD",0.17,NA,-0.0286,NA
"282461","EMPIRE RESOURCES LTD",0.004,0.003,-0.0013,-8e-04
"290323","EMU NL",0.0025,0.023,-0.0021,-0.0335
"329139","EMVISION MEDICAL DEVICES LTD",1.7,2.03,-0.0498,-0.0339
"337103","EMYRIA LTD",0.075,0.032,-0.0179,-0.0319
"275874","ENCOUNTER RESOURCES",0.295,0.45,-0.0041,-0.0105
"348897","ENDEAVOUR GROUP LIMITED",5.27,5.02,0.2954,0.2859
"275903","ENECO REFRESH LTD",0.023,0.01,4e-04,-0.0058
"322716","ENEGEX LTD",0.019,0.015,-0.0078,-0.0024
"303689","ENERGY ACTION LTD",0.195,0.34,-0.011,0.019
"274001","ENERGY METALS LTD",0.125,NA,-0.0018,NA
"282303","ENERGY ONE LTD",5.39,5.01,0.1006,0.049
"100823","ENERGY RESOURCES OF AUSTRALI",0.057,NA,-0.0627,NA
"247532","ENERGY TECHNOLOGIES LTD",0.04,0.035,-0.0524,-0.0302
"278168","ENERGY TRANSITION MINERALS",0.038,NA,-0.0045,NA
"202023","ENERGY WORLD CORP LTD",0.035,0.01,-0.0177,-0.2603
"270802","ENERO GROUP LTD",1.6,1.3,0.6106,-0.4833
"281816","ENGENCO LTD",0.305,0.185,0.0204,0.0124
"284314","ENOVA MINING LTD",0.025,NA,-6e-04,NA
"301387","ENSURANCE LTD",0.27,NA,0.0049,NA
"285130","ENTERPRISE METALS LTD",0.004,0.004,-0.0036,-0.0014
"211574","ENVIRONMENTAL CLEAN TECH LTD",0.006,0.002,-0.0028,-0.0019
"253402","ENVIRONMENTAL GROUP LTD",0.255,0.41,0.008,0.0116
"288165","ENVIROSUITE LTD",0.06,0.079,-0.0081,-0.0254
"347289","EP&T GLOBAL LIMITED",0.023,0.023,-0.019,-0.0096
"277956","EQ RESOURCES LTD",0.074,0.051,-0.0026,-0.0167
"248783","EQUATORIAL RESOURCES LTD",0.155,0.12,-0.0337,-0.0135
"350256","EQUINOX RESOURCES LIMITED",0.175,0.27,-0.0128,-0.0173
"212657","EQUUS MINING LTD",0.05,NA,-0.131,NA
"318212","EROAD LTD",1.01,NA,-0.002,NA
"345471","ERRAWARRA RESOURCES LTD",0.14,0.098,-0.0447,-0.033
"259433","ESSENTIAL METALS LTD",0.485,NA,-0.0057,NA
"318790","ESTIA HEALTH LTD",3.05,NA,-0.1313,NA
"313567","ESTRELLA RESOURCES LTD",0.008,0.01,-0.0011,-0.0018
"249491","EUMUNDI GROUP LTD",1.09,1.16,0.0333,0.0771
"296025","EUROPEAN LITHIUM LTD",0.076,0.037,-0.0085,-0.1472
"253340","EV RESOURCES LIMITED",0.014,0.005,-0.0056,-0.0031
"275342","EVE HEALTH GROUP LIMITED",0.001,0.001,-5e-04,-3e-04
"279456","EVEREST METALS CORPORATION",0.1175,NA,-0.0246,NA
"355769","EVERGREEN LITHIUM LTD",0.28,0.041,-0.0324,-0.0299
"326452","EVION GROUP NL",0.036,0.027,-0.0121,-0.0092
"350726","EVOLUTION ENERGY MINERALS",0.165,0.037,-0.0713,-0.0477
"253350","EVOLUTION MINING LTD",3.29,4.64,0.0891,0.2202
"200157","EVT LIMITED",11,10.78,0.6605,0.0297
"249525","EVZ LTD",0.145,0.16,0.012,0.0177
"246003","EXCELSIOR CAPITAL LTD",2.98,3.13,0.3534,1.5416
"282226","EXCITE TECHNOLOGY SERVICES",0.009,NA,-0.0019,NA
"329547","EXOPHARM LIMITED",0.01,NA,-0.0362,NA
"319476","EXPERIENCE CO LTD",0.22,0.135,-7e-04,-1e-04
"346301","EZZ LIFE SCIENCE HOLDINGS",0.68,4.53,0.085,0.1616
"351580","FALCON METALS LIMITED",0.16,0.185,-0.0523,-0.0314
"351532","FAR EAST GOLD LIMITED",0.165,0.165,-0.0112,-0.0066
"106438","FAR LTD",0.4,NA,-0.0466,NA
"253430","FARM PRIDE FOODS LTD",0.14,0.105,-0.0989,-0.0163
"248791","FBR LTD",0.027,0.05,-0.007,-0.0068
"351619","FELIX GOLD LTD",0.0765,0.115,-0.0126,-0.0075
"345723","FELIX GROUP HOLDINGS LTD",0.076,0.16,-0.0391,-0.0262
"289477","FENIX RESOURCES LTD",0.225,0.295,0.0511,0.0487
"316002","FERTOZ LTD",0.027,NA,-0.0179,NA
"253436","FFI HOLDINGS LTD",4.5,4.3,0.1621,0.1612
"272832","FIELD SOLUTIONS HOLDINGS LTD",0.049,0.021,-0.0032,-0.0037
"254907","FIN RESOURCES LTD",0.012,0.005,-0.0046,-0.0056
"253534","FINDI LIMITED",4.7,NA,0.1028,NA
"346536","FIREBIRD METALS LIMITED",0.13,0.12,-0.0138,-0.0407
"351728","FIREBRICK PHARMA LIMITED",0.052,0.058,-0.04,-0.0066
"274063","FIREFLY METALS LTD",0.032,1.065,-0.0016,-0.0687
"352650","FIRETAIL RESOURCES LIMITED",0.099,0.099,-0.011,-0.0193
"253407","FIRST GRAPHENE LTD",0.054,0.047,-0.0094,-0.01
"297813","FIRSTWAVE CLOUD TECH LTD",0.055,0.028,-0.0081,-0.0135
"101256","FISHER & PAYKEL HEALTHCARE",30.08,NA,0.2278,NA
"253614","FITZROY RIVER CORP LTD",0.15,0.12,0.0013,-7e-04
"242719","FLEETWOOD LTD",1.89,1.845,0.0217,0.0402
"062403","FLETCHER BUILDING LTD",4.7,2.95,0.3001,-0.1098
"207300","FLIGHT CENTRE TRAVEL GROUP",19.38,22.35,0.2313,0.6371
"287853","FLUENCE CORPORATION LTD",0.175,NA,-0.0218,NA
"347442","FLYNN GOLD LTD",0.06,0.028,-0.0496,-0.03
"248129","FOCUS MINERALS LTD",0.18,NA,-0.0098,NA
"339132","FORBIDDEN FOODS LIMITED",0.018,0.01,-0.0466,-0.012
"350168","FORRESTANIA RESOURCES LTD",0.045,0.015,-0.0264,-0.0434
"212427","FORTESCUE LTD",20.92,20.68,1.5598,1.8476
"347813","FOS CAPITAL LIMITED",0.175,0.27,0.0114,0.0117
"253561","FREEHILL MINING LTD",0.004,0.006,-0.0078,-6e-04
"316613","FREELANCER LTD",0.21,NA,4e-04,NA
"322155","FRONTIER DIGITAL VENTURES",0.58,NA,-0.0206,NA
"293593","FRONTIER ENERGY LIMITED",0.34,NA,0.0068,NA
"299588","FUTURE BATTERY MINERALS LTD",0.115,0.02,-0.006,-0.0286
"349335","FUTURE METALS NL",0.044,0.021,-0.0182,-0.0091
"295280","G11 RESOURCES LIMITED",0.024,0.018,-0.0021,-0.0014
"348963","G50 CORP LIMITED",0.15,0.175,-0.025,-0.0157
"287566","G8 EDUCATION LTD",1.2,NA,0.0692,NA
"304888","GALAN LITHIUM LTD",0.655,0.12,-0.0247,-0.0252
"252585","GALE PACIFIC LTD",0.21,0.125,0.0134,-0.0012
"325342","GALENA MINING LIMI",0.093,NA,-0.0624,NA
"253345","GALILEE ENERGY LTD",0.049,0.013,-0.0264,-0.0104
"327122","GALILEO MINING LTD",0.295,0.155,-0.0078,0.0171
"272954","GAS2GRID LTD",0.001,0.001,-1e-04,-2e-04
"253466","GATEWAY MINING LTD",0.029,0.0235,-0.0051,-0.0052
"325412","GATHID LTD",0.026,0.018,-0.0047,-0.0129
"286990","GBM RESOURCES LTD",0.015,0.009,-0.0037,-0.0039
"290328","GENESIS MINERALS LTD",1.385,2.06,-0.2956,0.0774
"293083","GENESIS RESOURCES LTD",0.005,0.005,-0.0025,-0.0027
"319497","GENETIC SIGNATURES LTD",0.51,0.665,-0.098,-0.1081
"246010","GENETIC TECHNOLOGIES LIMITED",0.0025,0.039,-0.0012,-0.0909
"320065","GENEX POWER LTD",0.155,NA,-7e-04,NA
"346855","GENMIN LIMITED",0.16,NA,-0.0292,NA
"345340","GENUSPLUS GROUP LTD",1.15,2.45,0.0756,0.1084
"277450","GEOPACIFIC RESOURCES LTD",0.019,NA,-0.0149,NA
"289157","GIBB RIVER DIAMONDS LTD",0.027,0.038,-0.0032,-0.0075
"278457","GLADIATOR RESOURCES LTD",0.023,0.017,-0.0027,-0.0037
"274813","GLG CORP LTD",0.155,0.2,-0.0263,-0.0497
"249524","GLOBAL HEALTH LTD",0.17,0.14,-0.14,-0.0226
"347403","GLOBAL LITHIUM RESOURCES LTD",1.37,0.22,-0.0185,-0.0168
"325244","GLOBAL URANIUM AND ENRICHMEN",0.165,0.072,-0.0222,-0.0071
"246838","GLOBE INTERNATIONAL LTD",3.05,3.75,0.0376,0.2766
"274740","GLOBE METALS & MINING LTD",0.038,0.04,-0.0055,-0.0054
"253500","GOCONNECT LTD",0.004,NA,2e-04,NA
"336589","GODOLPHIN RESOURCES LTD",0.037,0.015,-0.0295,-0.0191
"299687","GOLD MOUNTAIN LTD",0.005,0.003,-0.0062,-0.0014
"278245","GOLD ROAD RESOURCES LTD",1.58,NA,0.1073,NA
"253509","GOLDEN CROSS RESOURCES LTD",0.0035,0.002,-0.0011,-0.0011
"253510","GOLDEN DEEPS LTD",0.056,0.038,-6e-04,-0.0082
"324607","GOLDEN MILE RESOURCES",0.03,0.012,-0.0062,-0.0043
"329298","GOLDEN STATE MINING LIMITED",0.036,0.012,-0.0236,-0.0113
"281805","GOOD DRINKS AUSTRALIA LTD",0.41,0.265,-0.0012,-0.0214
"297276","GR ENGINEERING SERVICES LTD",2.19,2.02,0.1702,0.1892
"241386","GRAINCORP LTD",7.29,NA,1.1174,NA
"260390","GRAND GULF ENERGY LTD",0.008,0.004,-0.0014,-9e-04
"212428","GRANGE RESOURCES LTD",0.44,NA,0.1297,NA
"324104","GREAT BOULDER RESO",0.055,0.057,-0.0081,-0.0276
"357326","GREAT DIVIDE MINING LTD",NA,0.225,NA,-0.0332
"290347","GREAT NORTHERN MINERALS LTD",0.024,0.016,0.0115,-0.013
"297260","GREAT SOUTHERN MINING LTD",0.023,0.019,-0.0031,-0.0026
"285070","GREAT WESTERN EXPLORATION",0.045,0.034,-0.0302,-0.0188
"287291","GREEN CRITICAL MINERALS LTD",0.007,0.002,-0.0027,-0.0012
"350514","GREEN TECHNOLOGY METALS LTD",0.42,0.09,-0.0341,-0.0239
"253400","GREENHY2 LIMITED",0.01,NA,-0.0042,NA
"248140","GREENSTONE RESOURCES LTD",0.009,NA,-0.0017,NA
"351334","GREENTECH METALS LTD",0.4,0.11,-0.0179,-0.0652
"210268","GREENVALE ENERGY LTD",0.075,0.026,-0.009,-0.0068
"274315","GREENWING RESOURCES LTD",0.135,0.04,-0.032,-0.0107
"217868","GREENX METALS LIMITED",0.975,0.67,-0.0137,-0.0167
"202649","GROUP 6 METALS LTD",0.09,NA,-0.0302,NA
"285932","GTI ENERGY LTD",0.0075,NA,-8e-04,NA
"321731","GTN LTD",0.37,0.47,0.0124,0.028
"253522","GULLEWA LTD",0.055,0.065,0.0078,0.0107
"362021","GUZMAN Y GOMEZ LTD",NA,39.95,NA,-0.1607
"101742","GWA GROUP LTD",1.845,2.41,0.1627,0.1457
"272288","GWR GROUP LTD",0.084,0.082,-0.0074,-0.0031
"350561","HAMELIN GOLD LTD",0.086,0.068,-0.0087,-0.0084
"256011","HAMMER METALS LIMITED",0.046,0.035,-0.0016,0.0071
"242602","HANCOCK & GORE LTD",0.43,NA,0.0366,NA
"242369","HANSEN TECHNOLOGIES LTD",5.29,4.76,0.2114,0.1037
"351627","HAODEX LTD",0.415,0.415,-0.0074,-0.0043
"296479","HARANGA RESOURCES LTD",0.115,NA,-0.0529,NA
"346524","HARTSHEAD RESOURCES NL",0.027,0.006,7e-04,-0.001
"324059","HARVEST TECHNOLOGY GROUP LTD",0.028,0.018,-0.0159,-0.0172
"203007","HARVEY NORMAN HLDGS LTD",3.87,4.95,0.433,0.2829
"290324","HASTINGS TECH METALS LTD",0.725,0.29,-0.0869,-0.2411
"253531","HAVILAH RESOURCES LTD",0.215,0.205,0.0093,0.0176
"287272","HAWSONS IRON LTD",0.041,0.026,0.0113,-0.0039
"217874","HAWTHORN RESOURCES LTD",0.092,0.061,3e-04,-0.0016
"320816","HAZER GROUP LTD",0.53,0.365,-0.0719,-0.0928
"241405","HEALIUS LTD",2.3,1.725,-0.667,-0.964
"211546","HEALTH AND PLANT PROTEIN GRP",0.042,0.042,-0.0524,-0.0066
"327958","HEALTHIA LTD",1.75,NA,0.0401,NA
"349940","HEAVY MINERALS LTD",0.099,0.093,-0.0218,-0.0195
"353828","HEAVY RARE EARTHS LTD",0.091,0.032,-0.0281,-0.0192
"312825","HELIOS ENERGY LTD",0.052,0.016,-0.0033,-0.0019
"203038","HELIX RESOURCES NL",0.004,0.0045,-0.0034,-5e-04
"249497","HELLOWORLD TRAVEL LTD",2.66,1.965,0.1238,0.1918
"329138","HERAMED LIMITED",0.02,NA,-0.0173,NA
"290241","HEXAGON ENERGY MATERIALS LTD",0.009,0.023,-0.0019,-0.003
"285947","HEXIMA LTD",0.022,0.017,-0.0115,-0.0056
"284142","HIGH PEAK ROYALTIES LTD",0.065,0.063,0.0024,-9e-04
"355026","HIGH-TECH METALS LTD",0.185,0.145,-0.083,-0.0225
"274028","HIGHCOM LIMITED",0.32,0.19,0.0601,-0.1131
"313322","HIGHFIELD RESOURCES LTD",0.425,NA,-0.0311,NA
"242636","HILLGROVE RESOURCES LTD",0.068,NA,-0.0097,NA
"343984","HIPAGES GROUP HOLDINGS LTD",0.825,1.255,-0.0392,0.0267
"347413","HIREMII LIMITED",0.04,0.057,-0.0133,-0.0074
"247469","HITECH GROUP AUSTRALIA",1.895,1.95,0.1289,0.1426
"347783","HITIQ LIMITED",0.018,0.012,-0.0248,-0.0092
"260478","HOLISTA COLLTECH LTD",0.01,NA,-0.0172,NA
"323035","HORIZON GOLD LTD",0.33,0.37,-0.0171,-0.0124
"203336","HORIZON MINERALS LTD",0.038,0.048,-0.0016,-0.0048
"200782","HORIZON OIL LTD",0.18,0.2,0.0274,0.016
"295174","HORSESHOE METALS LTD",0.008,NA,-0.0021,NA
"294531","HOT CHILI LTD",1.2,0.865,-0.0437,-0.0613
"334763","HUBIFY LTD",0.015,0.01,0.001,-0.0095
"231038","HUTCHISON TELECOM AUSTRALIA",0.026,NA,-0.0091,NA
"254396","HYDRIX LTD",0.026,0.013,-0.0017,-0.0376
"276802","HYDROCARBON DYNAMICS LTD",0.004,NA,-0.0057,NA
"319061","HYGROVEST LTD",0.053,0.054,-0.0174,-6e-04
"323930","I SYNERGY GROUP LTD",0.007,NA,-0.003,NA
"324056","ICANDY INTERACTIVE",0.029,NA,-0.0101,NA
"347055","ICENI GOLD LIMITED",0.076,0.039,-0.0062,-0.001
"335588","ICETANA LTD",0.033,0.024,-0.0107,-0.0078
"253640","ICON ENERGY LTD (AUS)",0.01,0.006,-0.0072,-0.0015
"328879","IDENTITII LTD",0.012,0.012,-0.029,-0.0092
"320762","IDP EDUCATION LTD",21.38,15.9,0.5336,0.4769
"214099","IGNITE LTD",0.052,0.08,-0.0124,0.0048
"253596","IGO LTD",12.66,5.86,0.7251,0.0037
"101599","ILUKA RESOURCES LTD",7.21,NA,0.805,NA
"253585","IMAGE RESOURCES NL",0.07,NA,-0.0043,NA
"324823","IMAGION BIOSYSTEMS LIMITED",0.074,NA,-0.4092,NA
"253587","IMDEX LTD",1.555,2.36,0.0795,0.0636
"274806","IMEXHS LTD",0.58,NA,-0.1004,NA
"247374","IMMURON LTD",0.078,0.105,-0.0166,-0.0304
"253523","IMMUTEP LTD",0.28,0.325,-0.0447,-0.0356
"281668","IMPACT MINERALS LTD",0.013,0.013,-0.0023,-0.0023
"286987","IMPEDIMED LTD",0.175,0.056,-0.0114,-0.0098
"253592","IMUGENE LTD",0.046,0.049,-0.006,-0.0211
"289078","INCA MINERALS LTD",0.017,0.005,-0.003,-0.0029
"318339","INCENTIAPAY LTD",0.008,0.005,-0.0166,-0.0062
"257860","INCITEC PIVOT LTD",2.84,NA,0.1423,NA
"249508","INCOME ASSET MANAGEMENT GRP",0.12,NA,-0.0225,NA
"242587","INDIANA RESOURCES LTD",0.058,0.097,-0.004,-0.0071
"349280","INDUSTRIAL MINERALS LTD",0.49,0.175,-0.0243,-0.0247
"297267","INFINITY LITHIUM CORP LTD",0.08,0.033,-0.0083,-0.0079
"351225","INFINITY MINING LIMITED",0.015,NA,-0.0735,NA
"271339","INFOCUS GROUP HOLDINGS LTD",0.011,0.015,-0.0046,-0.047
"241393","INFOMEDIA LTD",1.58,1.59,0.0255,0.0338
"209828","INFRATIL LTD",11.2,NA,1.0562,NA
"322802","INGHAMS GROUP LTD",3.32,2.95,0.1625,0.2731
"323316","INHALERX LIMITED",0.05,NA,-0.0076,NA
"330678","INNLANZ LIMITED",0.024,NA,-9e-04,NA
"208012","INOVIQ LTD",0.56,0.5,-0.0975,-0.0709
"244817","INSTITUTE OF DRUG TECH AU",0.061,0.115,-0.0348,-0.0155
"320604","INTEGRAL DIAGNOSTICS LTD",2.87,2.97,0.1076,-0.26
"314996","INTEGRATED MEDIA TECHNOLOGY",2.31,NA,-7.5243,NA
"242375","INTEGRATED RESEARCH LTD",0.33,0.625,-0.169,0.1557
"338523","INTELICARE HOLDINGS LTD",0.015,0.014,-0.018,-0.01
"253356","INTELLIGENT MONITORING GROUP",0.205,0.72,-0.0902,-0.0065
"352562","INTERNATIONAL GRAPHITE LTD",0.185,0.072,-0.0153,-0.0236
"285244","INTRA ENERGY CORP LTD",0.005,0.001,-0.0018,-0.0016
"253518","INVENTIS LTD",0.029,0.027,-0.0295,-0.0454
"284182","INVESTIGATOR RESOURCES LTD",0.039,0.037,-0.0019,-0.0013
"278576","INVESTOR CENTRE LIMITED",0.042,0.006,-0.0075,-0.0064
"332767","INVEX THERAPEUTICS",0.205,0.075,-0.1031,-0.0218
"311522","INVICTUS ENERGY LTD",0.15,0.077,-0.0053,-0.0038
"293990","INVION LTD",0.005,0.003,-3e-04,-9e-04
"259101","IODM LTD",0.26,0.165,-0.0041,-0.0052
"272802","IONDRIVE LIMITED",0.012,0.014,-0.0308,-0.0124
"290341","IONEER LTD",0.225,0.23,-0.003,-0.0036
"253425","IONIC RARE EARTHS LTD",0.023,0.008,-0.0022,-0.005
"315236","IPB PETROLEUM LTD",0.012,0.005,-0.0016,-0.0043
"351335","IPD GROUP LIMITED",4.95,5.08,0.1862,0.2329
"325763","IPERIONX LIMITED",1.5,3.18,-0.1038,-0.1003
"318667","IPH LTD",7.4,6.08,0.2862,0.2508
"039960","IRIS ENERGY LIMITED",3.71,8.44,-3.14,-0.29
"350255","IRIS METALS LTD",0.345,NA,-0.1334,NA
"289501","IRON ROAD LTD",0.081,0.07,-6e-04,-0.0018
"278671","IRONBARK ZINC LTD",0.007,0.002,-0.0419,-0.001
"346966","ISLAND PHARMACEUTICALS LTD",0.085,0.08,-0.0348,-0.0317
"350490","ITECH MINERALS LTD",0.1325,0.075,-0.0082,-0.0099
"321002","IVE GROUP LTD",1.935,2.04,0.1143,0.1796
"325838","IXUP LIMITED",0.052,0.015,-0.0266,-0.0087
"350509","JADE GAS HOLDINGS LIMITED",0.061,NA,-0.0029,NA
"291383","JAMESON RESOURCES LTD",0.051,0.057,-0.0048,-0.003
"259518","JANUS HENDERSON GROUP PLC",32.86,NA,2.37,NA
"288074","JATCORP LTD",0.3,0.79,-9e-04,0.0276
"313838","JAVELIN MINERALS LIMITED",0.001,0.003,-1e-04,-0.0025
"321005","JAYEX TECHNOLOGY LTD",0.005,NA,-0.0145,NA
"326331","JAYRIDE GROUP LTD",0.087,0.01,-0.0426,-0.0367
"258858","JB HI-FI",45.42,79.94,4.7996,4.0146
"253455","JCURVE SOLUTIONS LTD",0.042,0.031,-0.001,-0.0058
"253622","JERVOIS GLOBAL LTD",0.025,NA,-0.1065,NA
"253621","JINDALEE LITHIUM LIMITED",1.75,0.25,-0.0581,-0.0788
"325598","JOHNS LYNG GROUP",6.53,3.73,0.1794,0.1734
"221613","JOYCE CORP LTD",3.01,4.01,0.28,0.3112
"209518","JUMBO INTERACTIVE LTD",15.5,13.72,0.5017,0.6886
"346501","JUNO MINERALS LIMITED",0.075,0.031,-0.0718,-0.004
"259077","JUPITER ENERGY LTD",0.018,0.027,0.0617,0.0015
"208239","K&S CORP LTD",2.46,3.52,0.2118,0.2282
"334059","K-TIG LTD",0.3625,0.3625,-0.0801,-0.0157
"271320","K2 ENERGY LTD",0.01,NA,-0.0013,NA
"209626","KAIROS MINERALS LTD",0.022,0.013,-8e-04,-5e-04
"337332","KAISER REEF LTD",0.18,0.16,0.0082,-0.0324
"324105","KALAMAZOO RESOURCE",0.1,0.078,-0.0223,-0.0215
"350725","KALGOORLIE GOLD MINING LTD",0.029,0.023,-0.0111,-0.0482
"253620","KALINA POWER LTD",0.008,0.016,-0.0031,-0.0021
"323185","KALIUM LAKES LTD",NA,7.2674,NA,-0.0388
"271311","KAROON ENERGY LTD",2.64,NA,0.2899,NA
"324817","KELLY PARTNERS GRO",4.21,7.65,0.0873,0.0737
"316292","KELSIAN GROUP LIMITED",5.73,4.13,0.0907,0.2147
"336868","KEMAO INDUSTRIES LTD",0.57,NA,-0.019,NA
"284465","KEY PETROLEUM LTD",0.0015,0.001,2e-04,-5e-04
"272603","KGL RESOURCES LTD",0.125,0.097,-0.0052,-0.0047
"275290","KILAND LTD",1.915,NA,-0.1287,NA
"351461","KILLI RESOURCES LIMITED",0.055,0.175,-0.0754,-0.0169
"320332","KINATICO LIMITED",0.097,0.11,6e-04,0.0019
"298404","KINETIKO ENERGY LTD",0.11,0.095,-0.0058,-0.0043
"286231","KING RIVER RESOURCES LTD",0.0095,0.009,0.0024,0.0013
"345409","KINGFISHER MINING LTD",0.185,0.086,-0.0433,-0.0347
"202929","KINGSGATE CONSOLIDATED LTD",1.21,1.39,0.0206,0.775
"353300","KINGSLAND MINERALS LTD",0.235,0.22,-0.0535,-0.0574
"287624","KINGSROSE MINING LIMITED",0.048,0.037,-0.003,-0.0039
"204081","KINGSTON RESOURCES LTD",0.08,0.086,0.0237,-0.0014
"258440","KIP MCGRATH EDUCATION CENTRE",0.615,0.43,0.034,0.0232
"293245","KMD BRANDS LIMITED",0.83,0.44,0.0494,-0.0699
"253362","KNEOMEDIA LTD",0.003,0.002,-0.0016,-0.0011
"320334","KNOSYS LTD",0.041,0.049,-0.0102,9e-04
"321860","KOGAN.COM LTD",5.26,5.14,-0.2402,8e-04
"350174","KOONENBERRY GOLD LTD",0.045,0.011,-0.013,-0.0086
"273957","KORAB RESOURCES LTD",0.018,0.008,-0.0037,-0.0025
"203485","KORVEST LTD",8.45,10.37,0.9667,0.9468
"315812","KRAKATOA RESOURCES LTD",0.022,0.012,-0.01,-0.0071
"295876","KULA GOLD LTD",0.0075,NA,-0.0069,NA
"349824","KUNIKO LTD",0.26,NA,-0.0682,NA
"005302","LABYRINTH RESOURCES LIMITED",0.006,0.017,-0.0068,-0.0028
"201616","LACHLAN STAR LTD",0.009,0.115,-3e-04,-0.0097
"253610","LAKE RESOURCES NL",0.18,0.041,-0.0326,-0.0352
"203545","LAKES BLUE ENERGY NL",0.001,1,-1e-04,-0.0071
"256407","LANTHANEIN RESOURCES LIMITED",0.008,0.004,-8e-04,5e-04
"259069","LARK DISTILLING CO LTD",1.47,1,-0.0651,-0.0605
"350989","LARVOTTO RESOURCES LTD",0.069,NA,-0.0754,NA
"287890","LASERBOND LIMITED",0.845,0.64,0.0434,0.0314
"295427","LATIN RESOURCES LTD",0.185,NA,-0.0078,NA
"287617","LATITUDE 66 LTD",0.0025,NA,-2e-04,NA
"253607","LATROBE MAGNESIUM LTD",0.044,0.032,-0.0015,-0.0026
"333391","LCL RESOURCES LTD",0.011,NA,-0.0398,NA
"356031","LEEUWIN METALS LTD",0.25,0.084,-0.0249,-0.0965
"289368","LEGACY IRON ORE",0.012,NA,-0.0015,NA
"349740","LEGACY MINERALS HOLDINGS LTD",0.175,0.225,-0.0119,-0.0051
"253605","LEGEND MINING NL",0.013,NA,-0.0017,NA
"353144","LEO LITHIUM LIMITED",0.505,NA,-0.0014,NA
"248123","LEPIDICO LTD",0.0105,0.003,-6e-04,-8e-04
"354283","LGI LIMITED",2.12,2.79,0.0766,0.0755
"349868","LI-S ENERGY LTD",0.21,0.115,-0.0052,-0.0073
"010991","LIGHT & WONDER INC",102.09,NA,1.79,NA
"354813","LIGHTNING MINERALS LTD",0.12,0.072,-0.0646,-0.0626
"282971","LINCOLN MINERALS LTD",0.006,0.006,-0.0036,-0.0015
"247737","LINDIAN RESOURCES LTD",0.215,0.105,-0.0083,-0.0042
"249501","LINDSAY AUSTRALIA LTD",1.115,0.91,0.114,0.0875
"298427","LINIUS TECHNOLOGIES LTD",0.0025,0.0015,-0.0019,-0.001
"253617","LION ENERGY LTD",0.03,NA,-0.0033,NA
"282142","LIONTOWN RESOURCES LTD",2.94,0.805,-0.0101,-0.0276
"347663","LITHIUM ENERGY LIMITED",0.6,0.325,-0.1267,-0.0478
"352750","LITHIUM PLUS MINERALS LTD",0.47,0.115,-0.0188,-0.0167
"321869","LITHIUM POWER INTERNATIONAL",0.36,NA,0.0032,NA
"311483","LITHIUM UNIVERSE LIMITED",0.02,NA,-0.016,NA
"337102","LITTLE GREEN PHARMA LTD",0.095,NA,-0.0272,NA
"345545","LIVE VERDURE LTD",0.34,0.57,-0.0387,-0.1149
"321793","LIVEHIRE LTD",0.069,0.045,-0.0452,-0.0251
"242607","LIVETILES LTD",0.01,NA,-0.0369,NA
"290357","LIVIUM LTD",0.034,0.021,-0.0061,-0.0088
"040702","LOCAFY LTD",7.15,NA,-2.46,NA
"313560","LOCALITY PLANNING ENERGY HOL",0.045,0.13,-0.0683,0.0112
"348776","LOCKSLEY RESOURCES LIMITED",0.04,0.025,-0.0249,-0.0154
"347634","LODE RESOURCES LTD",0.115,0.1,-0.0116,-0.0109
"288225","LODESTAR MINERALS LTD",0.006,0.001,-2e-04,-0.0023
"277182","LORD RESOURCES LIMITED",0.07,0.032,-0.0619,-0.0472
"353070","LOTTERY CORPORATION LTD",4.72,5.12,0.119,0.1861
"291421","LOTUS RESOURCES LTD",0.275,0.265,-0.0076,-0.0154
"322708","LOVE GROUP GLOBAL LTD",0.1,0.135,0.005,0.0151
"318878","LOVISA HOLDINGS LTD",19.34,36,0.6325,0.7538
"347756","LOYAL LITHIUM LIMITED",0.315,NA,-0.0525,NA
"282050","LUCAPA DIAMOND CO LTD",0.115,NA,-0.0063,NA
"349066","LUMOS DIAGNOSTICS HOLDINGS",0.095,0.037,-0.0382,-0.0185
"348567","LUNNON METALS LIMITED",0.8,0.165,-0.0957,-0.1141
"350724","LYCAON RESOURCES LTD",0.275,0.295,-0.0434,-0.0174
"272521","LYCOPODIUM LTD",9.21,12.3,1.1772,1.2761
"350562","LYKOS METALS LTD",0.055,0.024,-0.0412,-0.0165
"212658","LYNAS RARE EARTHS LIMITED",6.79,8.02,0.3405,0.0905
"347108","LYNCH GROUP HOLDINGS LTD",2,1.68,0.0814,-0.2134
"349209","M3 MINING LTD",0.0765,0.039,-0.049,-0.0413
"336522","M8 SUSTAINABLE LTD",0.009,0.009,-0.0115,0.0171
"345403","MAAS GROUP HOLDINGS LIMITED",3.32,4.78,0.2066,0.2228
"274627","MACH7 TECHNOLOGIES LTD",0.795,0.555,-0.0044,-0.0331
"101597","MACMAHON HOLDINGS LTD",0.17,0.325,0.0275,0.0253
"232122","MACQUARIE TECHNOLOGY GROUP",63.4,83.17,0.8175,1.3467
"248134","MACRO METALS LIMITED",0.004,0.023,-0.0014,-0.0054
"346854","MAD PAWS HOLDINGS LIMITED",0.09,0.07,-0.0226,-0.0193
"333913","MADER GROUP LTD",6.38,4.96,0.1925,0.2521
"271310","MAGGIE BEER HOLDINGS LTD",0.11,0.064,0.0022,-0.0801
"324504","MAGMATIC RESOURCES LTD",0.07,0.063,-0.0273,-0.0086
"284209","MAGNETIC RESOURCES",0.8,1.325,-0.0311,-0.0528
"276547","MAGNETITE MINES LTD",0.295,0.19,-0.0703,-0.054
"274453","MAGNIS ENERGY TECH LTD",0.074,NA,-0.0512,NA
"253572","MAGNUM MINING & EXPLOR LTD",0.018,NA,-0.0044,NA
"207018","MAGONTEC LTD",0.34,NA,0.006,NA
"326731","MAKO GOLD LTD",0.015,0.009,-0.0035,-0.0017
"346177","MAMBA EXPLORATION LIMITED",0.047,0.012,-0.0503,-0.0115
"253449","MANDRAKE RESOURCES LTD",0.04,0.028,-6e-04,-3e-04
"290317","MANHATTAN CORP LTD",0.007,0.0015,-4e-04,-6e-04
"253564","MANTLE MINERALS LIMITED",0.002,0.0015,-5e-04,-4e-04
"324495","MANUKA RESOURCES LTD",0.046,0.034,-0.0615,-0.0269
"352351","MANY PEAKS MINERALS LIMITED",0.28,0.215,-0.0361,-0.0956
"287411","MARMOTA LTD",0.035,0.0365,-3e-04,-4e-04
"352595","MARONAN METALS LIMITED",0.205,0.22,-0.0616,-0.0303
"324115","MARQUEE RESOURCES LTD",0.029,0.015,-0.0055,-0.018
"321826","MARVEL GOLD LIMITED",0.009,NA,-0.0082,NA
"293250","MATRIX COMPOSITES",0.27,0.35,0.052,0.0166
"272791","MATSA RESOURCES LTD",0.027,0.033,3e-04,-0.0097
"274441","MAXIMUS RESOURCES LTD",0.029,0.045,-0.0033,-0.0032
"247733","MAXIPARTS LIMITED",2.81,1.84,0.1545,0.1072
"322903","MAYFIELD CHILDCARE LTD",0.81,NA,-0.022,NA
"345557","MAYFIELD GROUP HOLDINGS",0.455,0.78,0.064,0.0563
"285235","MAYNE PHARMA GROUP LTD",3.25,4.59,-3.8618,-2.1178
"253638","MC MINING LTD",0.15,0.145,-0.0146,-0.0353
"271411","MCMILLAN SHAKESPEARE LTD",16.11,15.33,0.8939,1.2931
"100800","MCPHERSONS LTD",0.43,0.405,-0.0352,-0.0791
"313556","MCS SERVICES LTD",0.02,0.004,-0.0096,0.0036
"298143","MEDADVISOR LTD",0.23,0.425,-0.0207,0.0014
"345544","MEDALLION METALS LIMITED",0.07,0.053,-0.0227,-0.0098
"259480","MEDICAL DEV INTL",0.85,0.44,-0.0666,-0.475
"320101","MEDLAB CLINICAL LTD",6.6,6.6,-2.9676,-0.933
"251618","MEEKA METALS LIMITED",0.046,0.061,-0.001,-0.0025
"340402","MEGADO MINERALS LIMITED",0.012,NA,-0.0063,NA
"320968","MEGAPORT LTD",11.77,7.32,-0.0618,0.0604
"253552","MELBANA ENERGY LTD",0.068,0.039,-3e-04,0.001
"327996","MELODIOL GLOBAL HEALTH LTD",0.005,NA,-0.0127,NA
"284658","MEMPHASYS LTD",0.013,0.009,-0.0035,-0.0032
"271607","MESOBLAST LTD",0.39,1.17,-0.1108,-0.0891
"336514","METAL HAWK LTD",0.095,0.17,-0.0271,-0.0473
"297191","METALBANK LTD",0.039,0.019,-0.0261,-0.0063
"271316","METALLICA MINERALS LTD",0.024,NA,-0.0027,NA
"248128","METALS AUSTRALIA LTD",0.034,0.024,-0.0013,-8e-04
"270947","METALS X LTD",0.355,NA,0.0161,NA
"353308","METALSGROVE MINING LIMITED",0.12,0.098,-0.0165,-0.0581
"323625","METALSTECH LTD",0.215,0.17,-0.0374,-0.012
"294572","METAROCK GROUP LTD",0.11,0.19,-0.4929,0.0695
"223097","METCASH LTD",3.66,NA,0.2579,NA
"271279","METEORIC RESOURCES NL",0.225,0.11,-0.0238,-0.023
"271530","METGASCO LTD",0.012,0.004,-0.0016,-0.0121
"293464","METRO MINING LTD",0.038,NA,-0.0031,NA
"321031","MICRO-X LTD",0.125,0.067,-0.0217,-0.0185
"352453","MICROBA LIFE SCIENCES LTD",0.36,0.185,-0.0403,-0.0486
"328627","MIDAS MINERALS LTD",0.075,NA,-0.069,NA
"296300","MIDDLE ISLAND RESOURCES LTD",0.024,0.016,-0.0433,-0.0089
"322987","MIDWAY LTD",0.75,0.88,-0.0299,0.0098
"335587","MIGHTY CRAFT LTD",0.023,NA,0.029,NA
"347290","MIGHTY KINGDOM LIMITED",0.014,0.053,-0.0327,-0.0081
"320750","MILLENNIUM SERVICES GROUP",0.5,NA,0.0129,NA
"295615","MINBOS RESOURCES LTD",0.092,NA,-0.0096,NA
"271318","MINDAX LTD",0.05,0.045,-0.0028,-0.0011
"221216","MINERAL COMMODITIES LTD",0.022,NA,-0.0135,NA
"205194","MINERAL RESOURCES LTD",67.63,52.04,1.2737,0.6396
"350671","MINERALS 260 LTD",0.46,0.13,-0.0586,-0.0329
"313553","MINREX RESOURCES LTD",0.014,0.008,-0.016,-0.004
"340396","MIRAMAR RESOURCES LIMITED",0.035,0.007,-0.019,-0.0126
"298471","MITCHELL SERVICES LTD",0.35,0.4,0.0343,0.0427
"254905","MITHRIL SILVER AND GOLD LTD",0.002,0.625,-7e-04,-0.0399
"347481","MLG OZ LIMITED",0.56,0.615,0.0056,0.0747
"247757","MMA OFFSHORE LTD",1.39,NA,0.348,NA
"242978","MOAB MINERALS LTD",0.01,0.004,-0.0027,-0.0018
"324138","MOBILICOM LTD",1.19,NA,-0.0052,NA
"328453","MOHO RESOURCES NL",0.009,0.007,-0.0082,-0.0134
"242795","MONADELPHOUS GROUP LTD",14.13,12.91,0.5585,0.6408
"317886","MONASH IVF GROUP LTD",1.26,1.225,0.0561,-0.0168
"331537","MONT ROYAL RESOURCES LTD",0.18,0.053,-0.012,-0.0314
"253641","MORELLA CORPORATION LIMITED",0.006,0.029,-5e-04,-5e-04
"253381","MOSAIC BRANDS LTD",0.125,NA,0.0018,NA
"317432","MOSMAN OIL & GAS LTD",2e-04,3e-04,-4e-04,-2e-04
"297802","MOTIO LTD",0.026,0.026,-0.0069,-0.0078
"321581","MOTORCYCLE HOLDINGS LTD",2.1,1.675,0.331,0.1915
"205282","MOUNT BURGESS MINING NL",0.003,0.002,-6e-04,-5e-04
"247496","MOUNT GIBSON IRON LTD",0.44,0.335,0.0043,0.0053
"271293","MOUNT RIDLEY MINES LTD",0.0015,0.001,-7e-04,-3e-04
"237805","MPOWER GROUP LTD",0.019,0.009,0.0069,-0.0022
"298051","MRG METALS LTD",0.002,0.0035,-4e-04,-4e-04
"350036","MT MALCOLM MINES NL",0.027,0.037,-0.0156,-0.0091
"348993","MTM CRITICAL METALS LIMITED",0.037,0.067,-0.0268,-0.026
"211370","MULTISTACK INTL",0.005,NA,-0.0065,NA
"297347","MUSGRAVE MINERALS LTD",0.39,NA,-0.0042,NA
"351669","MY FOODIE BOX LIMITED",0.004,NA,-0.0616,NA
"289148","MY REWARDS INTERNATIONAL LTD",0.009,NA,-0.0225,NA
"248802","MYECO GROUP LTD",0.05,0.018,-0.0122,-0.0158
"293130","MYER HOLDINGS LTD",0.5,0.905,0.0737,0.0525
"278196","NAGAMBIE RESOURCES LTD",0.021,0.015,-0.0062,-0.004
"245323","NAMOI COTTON LTD",0.69,NA,0.0337,NA
"325685","NANOLLOSE LTD",0.05,0.019,-0.009,-0.0072
"284619","NANOSONICS LTD",4.22,3.69,0.066,0.0429
"328311","NANOVEU LTD",0.023,NA,-0.0058,NA
"352672","NARRYER METALS LIMITED",0.12,0.022,-0.0623,-0.0553
"014802","NATIONAL AUSTRALIA BK",30.7,NA,0.77,NA
"340324","NATIVE MINERAL RESOURCES HOL",0.04,0.02,-0.0329,-0.0189
"298148","NAVARRE MINERALS LTD",0.019,0.019,-0.0046,0.0018
"291380","NELSON RESOURCES LTD",0.006,0.003,-0.0026,-0.0104
"253575","NEOMETALS LTD",0.37,0.125,-0.063,-0.0643
"296489","NETLINKZ LTD",0.008,0.003,-0.0034,-0.0039
"271829","NEUREN PHARMACEUTICALS LTD",21.22,NA,1.2362,NA
"272604","NEURIZER LTD",0.037,0.004,-0.0158,-0.0039
"253357","NEURIZON THERAPEUTICS LTD",0.077,0.195,-0.0194,-0.024
"327313","NEUROSCIENTIFIC BI",0.07,0.035,-0.0075,0.0022
"322803","NEUROTECH INTERNATIONAL LTD",0.067,0.06,-0.0098,-0.0056
"281423","NEW AGE EXPLORATION LTD",0.006,0.006,-8e-04,-0.002
"258444","NEW HOPE CORP LTD",5.77,4.87,1.2597,0.5631
"253410","NEW MURCHISON GOLD LIMITED",0.007,NA,-8e-04,NA
"274058","NEW WORLD RESOURCES LTD",0.03,0.021,-0.0013,-0.0012
"333157","NEW ZEALAND COASTAL SEAFOODS",0.002,NA,-0.002,NA
"103084","NEWCREST MINING LTD",24.52,NA,0.8705,NA
"314039","NEWFIELD RESOURCES LTD",0.15,0.089,-0.0135,-0.1555
"297237","NEWPEAK METALS LTD",0.001,0.013,6e-04,-0.1244
"018043","NEWS CORP",20.06,26.63,0.26,0.47
"287633","NEX METALS EXPLORATION LTD",0.014,0.043,-0.0034,-0.0016
"346246","NEXION GROUP LTD",0.015,0.02,-0.0237,-0.0095
"331528","NEXT SCIENCE LTD",0.325,NA,-0.0695,NA
"296254","NEXTDC LTD",12.39,17.5,-0.0555,-0.0833
"292550","NEXTED GROUP LTD",0.925,0.11,0.0165,-0.1411
"282852","NEXUS MINERALS LTD",0.05,0.046,-0.028,-0.0085
"288304","NGE CAPITAL LTD",0.99,NA,0.2475,NA
"356294","NGX LIMITED",0.195,0.16,-0.2501,-0.0263
"270845","NICK SCALI LTD",11.08,16.6,1.2479,0.9873
"327791","NICKEL INDUSTRIES LIMITED",0.81,NA,0.0357,NA
"350628","NICKELSEARCH LIMITED",0.057,0.015,-0.0199,-0.0843
"351359","NICO RESOURCES LIMITED",0.405,0.1,-0.0419,-0.0351
"358607","NIDO EDUCATION LIMITED",0.93,NA,-0.1584,NA
"350954","NIMY RESOURCES LTD",0.185,0.062,-0.0516,-0.0176
"314884","NINE ENTERTAINMENT CO HLDGS",2.05,1.255,0.1088,0.0687
"352563","NOBLE HELIUM LIMITED",0.21,0.05,-0.0115,-0.0127
"352352","NORFOLK METALS LIMITED",0.18,0.105,-0.0234,-0.0177
"325657","NORONEX LTD",0.014,0.016,-0.0149,-0.0065
"339805","NORTH STAWELL MINERALS LTD",0.034,0.018,-0.0155,-0.0145
"281532","NORTHERN MINERALS LTD",0.029,0.02,-0.0045,-0.0055
"329027","NORWEST MINERALS LTD",0.03,0.022,-0.0058,-0.0033
"211365","NORWOOD SYSTEMS LTD",0.037,0.036,-0.0053,-0.0058
"249513","NOUMI LIMITED",0.145,0.125,-0.1693,-0.3548
"252260","NOVA EYE MEDICAL LTD",0.195,0.1825,-0.0981,-0.0431
"207014","NOVA MINERALS LTD",0.245,0.135,-0.0577,-0.077
"323979","NOVATTI GROUP LTD",0.095,0.078,-0.078,-0.0495
"329871","NOVIQTECH LIMITED",0.006,NA,-0.0025,NA
"320806","NOVONIX LTD",0.86,NA,-0.0949,NA
"324094","NOXOPHARM LTD",0.039,0.105,-0.0515,-0.0122
"286001","NRW HOLDINGS LTD",2.71,3.58,0.1901,0.2315
"247612","NT MINERALS LTD",0.009,0.004,-0.0026,-0.0019
"326181","NTAW HOLDINGS LIMITED",0.8,0.385,0.0251,0.0117
"259625","NTHN STAR RES LTD",10.46,15.97,0.5078,0.5561
"335567","NUCHEV LIMITED",0.2,0.145,-0.1702,-0.0855
"253442","NUCOAL RESOURCES LTD",0.005,0.005,-6e-04,-4e-04
"253371","NUENERGY GAS LTD",0.031,0.021,-7e-04,-5e-04
"101613","NUFARM LTD",5.22,NA,0.2626,NA
"294132","NUHEARA LTD",0.155,NA,-0.0839,NA
"345686","NUIX LIMITED",1.425,6.56,-0.0176,0.0155
"321870","NZME LTD",0.88,NA,0.0695,NA
"293788","OAKAJEE CORP LTD",0.026,0.01,-0.0054,-0.0074
"334096","OAR RESOURCES LTD",0.004,0.002,-3e-04,-0.0023
"243008","OBJECTIVE CORP LTD",10.7,14.61,0.222,0.3292
"352971","OCEANA LITHIUM LIMITED",0.225,0.031,-0.0218,-0.0351
"353606","OCTAVA MINERALS LIMITED",0.087,0.096,-0.0193,-0.0169
"353221","OD6 METALS LIMITED",0.165,0.044,-0.0132,-0.0041
"248811","ODESSA MINERALS LIMITED",0.0125,0.004,-0.0028,-8e-04
"274625","ODYSSEY GOLD LIMITED",0.02,0.023,-0.0054,-0.0024
"205371","OLDFIELDS HOLDINGS LTD",0.05,0.064,-0.0081,-0.0441
"324726","OLIVER'S REAL FOOD",0.025,0.01,0.015,-0.0052
"253403","OM HOLDINGS LTD",0.435,NA,0.0246,NA
"354296","OMEGA OIL & GAS LIMITED",0.155,0.335,-0.046,-0.0091
"352268","OMNIA METALS GROUP LTD",0.086,0.078,-0.0264,-0.0353
"273819","ONCOSIL MEDICAL LTD",0.01,0.014,-0.01,-0.0054
"318874","OOH MEDIA LTD",1.78,NA,0.063,NA
"335713","OPEN LEARNING LTD",0.017,NA,-0.0165,NA
"348696","OPENN NEGOTIATION LIMITED",0.008,NA,-0.053,NA
"211559","OPTHEA LTD",0.33,0.775,-0.322,-0.3451
"242326","OPTISCAN IMAGING LTD",0.073,0.195,-0.007,-0.0074
"253347","OPYL LTD",0.047,0.017,-0.0216,-0.0183
"254906","ORA BANDA MINING LTD",0.11,0.625,-0.0323,0.0162
"351035","ORANGE MINERALS NL",0.04,0.03,-0.0146,-0.0133
"019731","ORBITAL CORP LTD",0.16,0.079,2e-04,5e-04
"200972","ORCODA LTD",0.3,0.195,0.0024,0.0054
"314709","ORECORP LTD",0.49,NA,-0.0485,NA
"351694","OREXPLORE TECHNOLOGIES LTD",0.027,NA,-0.0653,NA
"100442","ORICA LTD",15.94,NA,0.6511,NA
"017525","ORIGIN ENERGY LTD",8.78,10.01,0.6132,0.8112
"282380","ORION METALS LTD",0.03,NA,-2e-04,NA
"259006","ORION MINERALS LTD",0.019,0.017,-0.0031,-9e-04
"316825","ORORA LTD",2.75,2.73,0.2192,0.1483
"206146","ORPHEUS URANIUM LTD",0.075,0.051,-4e-04,-0.0152
"318196","ORTHOCELL LTD",0.375,0.425,-0.0317,-0.0355
"352530","OSMOND RESOURCES LIMITED",0.115,0.28,-0.0167,-0.0225
"333823","OSTEOPORE LTD",0.3,NA,-0.034,NA
"271608","OTTO ENERGY LTD",0.02,0.013,-0.0015,-3e-04
"246560","OVANTI LIMITED",0.041,0.004,-0.0645,-0.0064
"346021","OZAURUM RESOURCES LIMITED",0.1,0.038,-0.023,-0.0168
"348903","OZZ RESOURCES LIMITED",0.073,0.055,-0.0165,-0.0081
"349269","PACGOLD LIMITED",0.19,0.094,-0.0197,-0.0123
"254904","PACIFIC NICKEL MINES LTD",0.092,0.024,-0.0024,-0.0345
"318702","PACIFIC SMILES GROUP LTD",1.405,1.805,0.0152,0.0504
"316907","PACT GROUP HLDGS LTD",0.695,0.805,-0.0192,0.0108
"247885","PALADIN ENERGY LTD",1.1,11.55,-0.0035,0.1792
"253486","PANCONTINENTAL ENERGY NL",0.018,0.015,-2e-04,-3e-04
"349527","PANTERA MINERALS LIMITED",0.057,0.028,-0.0243,-0.0438
"351212","PANTHER METALS LTD",0.029,NA,-0.0153,NA
"260563","PANTORO LTD",0.037,0.115,-0.0367,-0.0094
"272799","PAPYRUS AUSTRALIA LTD",0.025,0.007,-0.0032,-0.0013
"350869","PARABELLUM RESOURCES LIMITED",0.345,0.053,-0.0541,-0.0722
"320257","PARADIGM BIOPHARMACEUTICAL",0.615,0.195,-0.1842,-0.2
"253511","PARAGON CARE LTD",0.17,NA,0.0196,NA
"326118","PARKD LTD",0.025,0.022,-0.0052,-0.0029
"297816","PARKWAY CORPORATE LTD",0.012,0.011,-8e-04,-3e-04
"355154","PATAGONIA LITHIUM LIMITED",0.13,NA,-0.0207,NA
"279428","PATERSON RESOURCES LTD",0.031,0.019,-0.0158,-0.0039
"354891","PATRIOT LITHIUM LIMITED",0.175,0.035,-0.0788,-0.0737
"316448","PATRONUS RESOURCES LIMITED",0.04,0.056,-0.0084,0.0371
"285352","PATRYS LTD",0.007,0.006,-0.0034,-0.0017
"257660","PEAK MINERALS LTD",0.003,0.002,-0.0016,-9e-04
"281658","PEAK RARE EARTHS LIMITED",0.375,0.19,-0.1378,-0.0652
"293447","PEAKO LTD",0.006,0.004,-0.0026,-0.0018
"349941","PEARL GULL IRON LTD",0.028,0.02,-0.0078,-0.0059
"284661","PEEL MINING LTD",0.12,0.11,-0.0026,-0.0046
"324048","PEGMONT MINES LTD",0.0427,NA,-0.0039,NA
"234276","PENINSULA ENERGY LTD",0.145,0.094,-0.0031,-0.0072
"346178","PENTANET LIMITED",0.061,0.033,-0.0245,-0.0164
"325823","PEOPLEIN LIMITED",1.785,0.85,0.188,0.0452
"289489","PEPPERMINT INNOVATION LTD",0.011,0.006,-0.0012,-0.0019
"253300","PERCHERON THERAPEUTICS LTD",0.068,0.105,-0.017,-0.0135
"346621","PEREGRINE GOLD LIMITED",0.25,0.2,-0.0843,-0.063
"210805","PERENTI LTD",1.08,1.09,0.1388,0.1085
"316239","PERPETUAL RESOURCES LTD",0.02,0.0085,-0.0091,-0.0088
"271326","PERSEUS MINING LTD",1.645,2.61,0.3127,0.2362
"347444","PETER WARREN AUTOMOTIVE HOLD",2.5,1.67,0.3278,0.2099
"271329","PETRATHERM LTD",0.055,0.045,-0.0035,-0.0046
"254382","PHARMX TECHNOLOGIES LIMITED",0.043,0.047,-0.0015,2e-04
"293583","PHOSCO LTD",0.049,0.04,-0.0234,-0.0063
"253590","PHOSLOCK ENVIRNMNTL TECH LTD",0.025,NA,-0.0033,NA
"253501","PIEDMONT LITHIUM INC",13.32,NA,-1.14,NA
"286945","PILBARA MINERALS LTD",4.3,3.27,0.7991,0.0854
"127842","PILOT ENERGY LTD",0.026,NA,-0.0049,NA
"352367","PINNACLE MINERALS LIMITED",0.09,0.052,-0.0262,-0.0799
"327779","PIVOTAL METALS LTD",0.019,0.011,-0.0479,-0.003
"277854","PLATINA RESOURCES LIMITED",0.027,0.021,-0.0138,0.0224
"345650","PLAYSIDE STUDIOS LIMITED",0.46,0.58,-0.0172,0.0277
"290320","PNX METALS LTD",0.0025,NA,-3e-04,NA
"272518","PO VALLEY ENERGY LTD",0.029,NA,5e-04,NA
"326456","PODIUM MINERALS",0.043,0.04,-0.0203,-0.0059
"288553","POINTERRA LTD",0.089,0.049,-0.0066,-0.0073
"332503","POINTSBET HOLDINGS LTD",0.785,0.7,-0.3525,-0.1331
"347725","POLYMETALS RESOURCES LTD",0.35,0.3,-0.0871,-0.021
"246017","POLYNOVO LTD",1.305,2.61,-0.0072,0.0076
"253373","POSEIDON NICKEL LTD",0.019,0.004,-0.0035,-0.0163
"272763","POWER MINERALS LIMITED",0.25,0.125,-0.0441,-0.044
"322497","POWERHOUSE VENTURES LTD",0.043,0.082,0.0059,0.0034
"252270","PPK GROUP LTD",0.82,0.395,-0.0875,-0.1207
"277589","PRAEMIUM LTD",0.595,0.585,0.0297,0.0177
"296008","PREDICTIVE DISCOVERY LTD",0.19,0.26,-0.0064,-0.0041
"220243","PREMIER INVESTMENTS LTD",22.71,33.75,1.7031,1.6178
"252538","PRESCIENT THERAPEUTICS LTD",0.056,0.041,-0.0096,-0.0102
"244820","PRESTAL HOLDINGS LIMITED",0.395,0.083,0.0287,-0.1224
"242333","PRO MEDICUS LTD",83.39,178.25,0.5809,0.7927
"272828","PRO-PAC PACKAGING LTD",0.275,0.05,-0.0467,-0.2959
"281519","PROBIOTEC LIMITED",2.64,NA,0.1355,NA
"211536","PRODIGY GOLD NL",0.009,0.002,-0.0037,-0.0055
"253448","PROMINENCE ENERGY LTD",0.015,0.006,-0.0081,-0.0446
"326013","PROPEL FUNERAL PAR",4.3,5.78,0.1612,0.1417
"242770","PROPHECY INTL HLDS LTD",0.605,0.65,-0.0338,-0.0576
"293455","PROSPECT RESOURCES LTD",0.077,0.093,-0.0119,-0.0149
"282092","PROTEAN ENERGY LTD",0.008,0.008,-8e-04,-7e-04
"319556","PROTEOMICS INTERNATIONAL LAB",1.11,0.68,-0.053,-0.0507
"272672","PROVARIS ENERGY LTD",0.068,0.016,-0.0226,-0.0107
"248777","PROVINCE RESOURCES LTD",0.041,0.041,-0.007,-0.0022
"208584","PRT COMPANY LIMITED",0.465,NA,-6e-04,NA
"320982","PSC INSURANCE GROUP LTD",4.87,6.17,0.1579,0.158
"338382","PURE FOODS TASMANIA PTY LTD",0.1,0.017,-0.018,-0.0349
"352347","PURE RESOURCES LIMITED",0.245,0.099,-0.0201,-0.024
"320154","PUREPROFILE LTD",0.029,0.026,-0.0014,1e-04
"296409","PURIFLOH LTD",0.22,0.22,-0.0121,-0.0161
"289658","PURSUIT MINERALS LTD",0.009,0.002,-0.0031,-7e-04
"329952","PVW RESOURCES NL",0.067,0.022,-0.0627,-0.0181
"320726","PWR HOLDINGS LTD",11,9.05,0.2167,0.2089
"272696","PYC THERAPEUTICS LTD",0.057,0.17,-0.0071,-0.0096
"337108","PYX RESOURCES LTD",0.51,NA,-0.0234,NA
"220244","QANTAS AIRWAYS LTD",5.18,7.42,0.9604,0.7592
"322160","QANTM INTELLECTUAL PROPERTY",0.93,NA,0.0569,NA
"328268","QEM LIMITED",0.19,0.105,-0.0346,-0.0136
"347243","QMINES LIMITED",0.1,0.1,-0.0417,-0.0163
"324097","QORIA LIMITED",0.245,0.41,-0.1033,-0.0487
"288515","QPM ENERGY LTD",0.069,0.036,-0.0231,-0.0119
"317021","QUANTUM GRAPHITE LTD",0.57,0.55,-0.0157,-0.0129
"282382","QUBE HOLDINGS LTD",2.87,3.95,0.0996,0.1285
"253544","QUESTE COMMUNICATIONS LTD",0.024,0.049,-0.0185,0.0621
"274286","QUICKSTEP HOLDINGS LTD",0.255,0.265,-0.0796,-0.0151
"296880","QX RESOURCES LTD",0.024,0.007,-0.0023,-0.0017
"324093","RACE ONCOLOGY LTD",0.905,1.785,-0.0617,-0.084
"350935","RADIOPHARM THERANOSTICS LTD",0.12,0.028,-0.1132,-0.1241
"272692","RAGNAR METALS LTD",0.024,0.018,-0.0012,-0.0052
"295055","RAGUSA MINERALS LTD",0.038,0.018,-0.016,-0.0148
"256406","RAMELIUS RESOURCES LTD",1.435,2.2,0.0695,0.1953
"226744","RAMSAY HEALTH CARE LTD",51.87,41.62,1.1637,1.1112
"253550","RAND MINING LTD",1.3,1.78,0.1445,0.1171
"321949","RANGE INTERNATIONAL LTD",0.006,NA,-0.0019,NA
"351322","RAPID LITHIUM LTD",0.017,NA,-0.0357,NA
"325882","RARE FOODS AUSTRALIA LIMITED",0.056,0.012,-0.0071,-0.0194
"285929","RAREX LTD",0.033,0.012,-0.0154,-0.0047
"351196","RAS TECHNOLOGY HOLDINGS LTD",0.85,1.39,-0.0285,-0.0084
"282481","RBR GROUP LTD",0.003,0.001,-5e-04,-6e-04
"248015","REA GROUP LTD",154.32,201,2.6967,2.2929
"254900","REACH RESOURCES LIMITED",0.014,0.013,-0.0012,0.0029
"326570","READCLOUD LTD",0.047,NA,-0.0182,NA
"331734","READYTECH HOLDINGS LTD",3.7,3,0.0438,0.0466
"321154","RECCE PHARMACEUTICALS LTD",0.485,0.535,-0.0752,-0.0997
"350672","RECHARGE METALS LIMITED",0.2,0.028,-0.0299,-0.0156
"234811","RECKON LTD",0.54,NA,0.0491,NA
"253563","RECTIFIER TECHNOLOGIES LTD",0.049,0.008,0.0047,5e-04
"253439","RED HAWK MINING LIMITED",0.655,0.78,0.0781,-0.0535
"275521","RED HILL MINERALS LTD",4.7,3.8,-0.0354,2.404
"259011","RED METAL LTD",0.082,0.1125,-0.0253,-0.0201
"299587","RED MOUNTAIN MINING LTD",0.004,0.001,-0.0023,-0.001
"349004","RED RIDGE GROUP LIMITED",0.011,NA,-0.0104,NA
"284723","RED SKY ENERGY LTD",0.005,NA,-3e-04,NA
"256402","REDCASTLE RESOURCES LIMITED",0.014,0.009,-0.0019,-0.0017
"296289","REDFLOW LTD",0.22,NA,-0.0785,NA
"259424","REDIVIUM LIMITED",0.008,0.007,-0.0016,-7e-04
"278579","REDSTONE RESOURCES LTD",0.009,0.004,-6e-04,-0.0013
"101605","REECE LTD",18.63,28.5,0.6003,0.6492
"285158","REEDY LAGOON CORP LTD",0.006,0.003,-0.0014,-0.0011
"206145","REEF CASINO TRUST",3.05,NA,0.2157,NA
"353737","REGENER8 RESOURCES",0.15,0.1,-0.0098,-0.0114
"274429","REGIONAL EXPRESS HLDGS LTD",0.995,NA,0.1275,NA
"318480","REGIS HEALTHCARE LTD",2.7,6.19,-0.0946,-0.0711
"211367","REGIS RESOURCES LTD",1.49,2.04,-0.0322,-0.2463
"270418","REJECT SHOP LTD",5.7,3.21,0.2716,0.1239
"321584","RELIANCE WORLDWIDE CORP LTD",3.89,5.87,0.178,0.1404
"350401","REMSENSE TECHNOLOGIES LTD",0.065,0.029,-0.0355,-0.0187
"296278","RENASCOR RESOURCES LTD",0.125,0.081,2e-04,7e-04
"281517","RENEGADE EXPLORATION LTD",0.01,0.009,-0.0017,-0.0011
"253498","RENT.COM.AU LTD",0.02,0.019,-0.0078,-0.006
"253637","RENU ENERGY LIMITED",0.029,0.002,-0.0029,-0.0076
"031887","RESMED INC",147.87,244.12,6.12,6.94
"207221","RESOLUTE MINING LTD",0.43,NA,0.0308,NA
"325222","RESOLUTION MINERALS LTD",0.007,0.002,-0.0085,-0.0012
"211517","RESONANCE HEALTH LTD",0.079,0.06,-0.0017,4e-04
"291384","RESOURCE BASE LTD",0.14,0.034,-0.0635,-0.034
"339747","RESOURCE DEVELOPMENT GROUP",0.045,0.029,0.0048,0.006
"248826","RESOURCE MINING CORP",0.043,0.013,-0.0226,-0.0054
"272726","RESOURCES AND ENERGY GROUP",0.015,0.026,-0.0027,-0.0024
"244819","RESPIRI LTD",0.034,0.036,-0.0072,-0.007
"278186","RETAIL FOOD GROUP LTD",0.051,0.067,-0.0041,0.0023
"350052","REVOLVER RESOURCES HOLDINGS",0.095,0.043,-0.0123,-0.0082
"270961","REWARD MINERALS LTD",0.031,NA,-0.1029,NA
"318481","REWARDLE HOLDINGS LTD",0.029,NA,0.0118,NA
"286456","REX MINERALS LTD",0.17,0.465,-0.0419,-0.0226
"278110","REY RESOURCES LTD",0.18,0.036,-0.0105,-0.0444
"287417","RHINOMED LTD",0.036,NA,-0.0382,NA
"325750","RHYTHM BIOSCIENCES LTD",0.345,0.064,-0.0379,-0.03
"322141","RICEGROWERS LTD",8.9,NA,0.975,NA
"354888","RICHMOND VANADIUM TECH LTD",0.38,0.295,-0.0187,-0.0089
"207103","RIDLEY CORP LTD",2.3,2.62,0.1324,0.1262
"313544","RIEDEL RESOURCES LTD",0.0055,0.001,-6e-04,-0.003
"253584","RIMFIRE PACIFIC MINING LTD",0.006,0.047,-4e-04,-7e-04
"345546","RINCON RESOURCES LTD",0.033,0.026,-0.0192,-0.0089
"019565","RIO TINTO GROUP",50.17,NA,6.2033,NA
"325365","RIVERSGOLD LTD",0.013,0.005,-0.0033,-0.007
"327542","RMA GLOBAL LIMITED",0.081,0.061,-0.0094,-0.0066
"350973","ROCKETBOOTS LIMITED",0.15,0.099,-0.0469,-0.0454
"345928","ROCKETDNA LTD",0.008,NA,-0.0034,NA
"351305","RONIN RESOURCES LTD",0.14,0.105,-0.0196,-0.0317
"324106","ROOLIFE GROUP LTD",0.012,0.004,-0.0033,-0.0029
"271340","ROX RESOURCES LTD",0.235,0.135,-0.0439,-0.0378
"332834","RPM AUTOMOTIVE GROUP LTD",0.089,0.07,0.0102,0.0222
"288922","RPMGLOBAL HOLDINGS LTD",1.5,3,0.016,0.0385
"350068","RUBICON WATER LIMITED",0.615,0.255,-0.0637,-0.0624
"351329","RUBIX RESOURCES LIMITED",0.25,0.071,-0.041,-0.0925
"305088","RUMBLE RESOURCES LTD",0.11,0.044,-0.008,-0.0054
"320580","S2 RESOURCES LTD",0.18,0.08,-0.0181,-0.0178
"253608","SABRE RESOURCES",0.034,0.015,-0.0042,-0.0045
"274847","SAFEROADS HOLDINGS LTD",0.125,0.041,-0.0053,-0.0954
"260564","SANDFIRE RESOURCES LTD",6.16,10.84,-0.1181,-0.038
"314091","SANTA FE MINERALS LTD",0.044,0.037,-0.014,-0.0118
"315215","SANTANA MINERALS LTD",0.525,2.23,-0.0457,-0.0142
"100165","SANTOS LTD",7.75,NA,0.4341,NA
"352635","SARYTOGAN GRAPHITE LIMITED",0.195,0.086,-0.0152,-0.0207
"326631","SATURN METALS LTD",0.155,0.28,-0.0252,-0.0138
"287580","SAUNDERS INTL LTD",1.01,0.89,0.0884,0.0827
"253578","SAVANNAH GOLDFIELDS LIMITED",0.07,NA,-0.0833,NA
"270457","SAYONA MINING LTD",0.093,0.035,-0.0016,-0.0099
"330020","SCALARE PARTNERS HOLDINGS LI",1.104,NA,0.0167,NA
"211585","SCHAFFER CORP",17.09,22.4,0.9984,1.9885
"253639","SCIDEV LIMITED",0.3,0.64,-0.0018,0.0115
"283459","SCORPION MINERALS LTD",0.055,0.019,-0.0093,-0.0081
"325271","SCOUT SECURITY LTD",0.015,0.52,-0.0218,-0.0155
"249510","SDI LTD",0.8,0.93,0.0594,0.0877
"221190","SEAFARMS GROUP LTD",0.005,0.0025,-0.0032,-0.004
"274640","SEEING MACHINES LD",0.0545,0.0475,-0.0037,-0.0075
"272775","SEEK LTD",22.07,24.85,0.5711,-0.1681
"211572","SELECT HARVESTS LTD",2.9,NA,-0.948,NA
"209221","SENETAS CORP",0.021,0.023,-0.006,-0.0044
"331000","SENTERPRISYS LTD",0.05,0.04,-7e-04,-0.0026
"246004","SEQUOIA FINANCIAL GROUP LTD",0.485,0.395,-0.0291,-0.0237
"241412","SERVCORP LTD",3.09,5.15,0.1143,0.399
"271534","SERVICE STREAM LTD",0.93,1.52,0.0072,0.0525
"105117","SEVEN WEST MEDIA LTD",0.315,0.175,0.0941,0.0294
"317261","SG FLEET GROUP LTD",2.46,2.5,0.22,0.2623
"208326","SGH LIMITED",31.15,42.88,1.6694,1.2609
"351336","SHAPE AUSTRALIA CO LTD",1.57,2.7,0.1258,0.1925
"321868","SHAVER SHOP GROUP LTD",1.045,1.235,0.1312,0.1173
"296352","SHEFFIELD RESOURCES LTD",0.47,0.31,-0.0239,-0.0819
"315360","SHINE JUSTICE LTD",0.685,0.83,0.0192,0.036
"319927","SHRIRO HOLDINGS LTD",0.82,0.72,0.1024,0.0755
"287877","SI6 METALS LIMITED",0.008,0.001,-0.0013,-0.0021
"274076","SIERRA RUTILE HOLDINGS LTD",0.12,NA,-0.0474,NA
"254380","SIGMA HEALTHCARE LTD",1.265,NA,0.0044,NA
"253419","SIHAYO GOLD LTD",0.0015,NA,-0.0015,NA
"231316","SILEX SYSTEMS LTD",3.5,4.3,-0.0809,-0.0963
"345667","SILK LASER AUSTRALIA LIMITED",3.3,NA,0.1362,NA
"349397","SILK LOGISTICS HOLDINGS LTD",1.85,1.33,0.2079,0.0915
"287279","SILVER LAKE RESOURCES LTD",0.845,NA,0.0331,NA
"282372","SILVER MINES LTD",0.17,0.091,-0.0031,-0.0015
"326638","SIMBLE SOLUTIONS L",0.005,NA,-0.0025,NA
"318694","SIMONDS GROUP LTD",0.16,0.18,-0.0918,0.0084
"208079","SIMS LTD",13.53,12.66,0.9368,0.0093
"346147","SINGULAR HEALTH GROUP LTD",0.037,0.09,-0.049,-0.018
"252274","SIPA RESOURCES LTD",0.02,0.015,-0.0115,-4e-04
"339999","SIREN GOLD LIMITED",0.055,NA,-0.0142,NA
"253481","SITE GROUP INTERNATIONAL LTD",0.003,0.002,-0.0031,-0.0015
"351013","SITEMINDER LTD",4.63,6.32,-0.189,-0.095
"273070","SIV CAPITAL LTD",0.19,0.16,0.0037,0.0076
"324217","SKIN ELEMENTS LTD",0.006,0.004,-0.0261,-0.0039
"253460","SKS TECHNOLOGIES GROUP LTD",0.19,1.54,0.0058,0.0604
"260652","SKY METALS LTD",0.043,0.046,-0.025,-0.0041
"212167","SKYCITY ENTERTAINMENT GROUP",1.93,1.38,0.0105,-0.1889
"282223","SMART PARKING LTD",0.33,0.59,0.0182,0.0106
"317925","SMARTGROUP CORPORATION LTD",9.71,NA,0.4774,NA
"201555","SMARTPAY HOLDINGS LTD",1.33,NA,0.0353,NA
"355262","SOCO CORPORATION LTD",0.305,0.1,0.0131,-0.0036
"352756","SOLSTICE MINERALS LIMITED",0.13,0.215,-0.0689,0.046
"327785","SOMERSET MINERALS LIMITED",0.026,0.003,-0.0249,-0.0381
"271334","SOMNOMED LTD",0.705,0.4,-0.1001,-0.1014
"207097","SONIC HEALTHCARE LTD",29.8,27.23,1.4581,1.0735
"104566","SOUL PATTINSON WASH H & CO",33.42,33.47,2.1865,1.5578
"319687","SOUTH32 LTD",3.39,3.77,-0.0378,-0.1412
"287431","SOUTHERN CROSS ELEC ENGR",0.81,1.835,0.0769,0.0834
"352834","SOUTHERN CROSS GOLD LTD",2.98,NA,-0.043,NA
"274512","SOUTHERN CROSS MEDIA GROUP",0.76,0.48,0.0773,-0.9362
"353132","SOUTHERN PALLADIUM LIMITED",0.41,0.45,-0.08,-0.0749
"282353","SOVEREIGN METALS LTD",0.41,0.715,-0.0124,-0.0334
"253427","SPACETALK LTD",0.021,0.022,-0.0429,-0.0132
"346932","SPARC TECHNOLOGIES LIMITED",0.205,0.185,-0.0539,-0.0488
"293547","SPARTAN RESOURCES LIMITED",0.405,1.44,-0.0654,-0.0535
"325069","SPECTUR LTD NPV",0.019,0.019,-0.0162,-0.0111
"253521","SPENDA LIMITED",0.01,0.01,-0.0034,-0.0033
"253411","SPIRIT TECHNOLOGY SOLUTIONS",0.042,0.057,-0.0167,-0.0118
"248808","SPORTS ENTERTAINMENT GRP LTD",0.23,0.255,-0.0356,-0.0026
"033805","SPORTSHERO LIMITED",0.019,0.012,-0.0038,-0.0011
"289337","SPRINTEX LTD",0.018,0.07,-0.0172,-0.0113
"247872","SRG GLOBAL LTD",0.655,1.11,0.0477,0.0661
"352656","SSH GROUP LIMITED",0.15,0.069,-0.0202,0.0102
"026768","SSR MINING INC",4.46,NA,-0.48,NA
"101513","ST BARBARA LTD",0.175,0.36,-0.6207,-0.0659
"295880","ST GEORGE MINING LTD",0.04,0.035,-0.0138,-0.0087
"293528","STANMORE RESOURCES LTD",3.22,NA,0.5241,NA
"327205","STAR COMBO PHARMA",0.095,0.155,-0.0296,0.0055
"349958","STAR MINERALS",0.04,0.056,-0.0221,-0.0122
"246028","STARPHARMA HLDGS LTD",0.165,0.1,-0.0382,-0.0198
"325630","STATE GAS LTD",0.14,0.053,-0.0055,-0.014
"317923","STAVELY MINERALS LTD",0.07,0.031,-0.0277,-0.0147
"315882","STEADFAST GROUP LTD",5.64,5.67,0.1846,0.212
"328271","STEALTH GROUP HOLDINGS LTD",0.165,0.35,0.009,0.012
"203669","STEAMSHIP TRADING",13.59,NA,1.8751,NA
"352302","STELAR METALS LIMITED",0.3,0.086,-0.0188,-0.0278
"272837","STELLAR RESOURCES LTD",0.012,0.017,-0.0034,-0.0018
"350888","STEP ONE CLOTHING LIMITED",0.565,1.79,0.0465,0.0669
"248804","STONEHORSE ENERGY LTD",0.016,0.009,0.0012,0.0019
"247879","STRANDLINE RESOURCES LTD",0.115,0.095,-0.0092,-0.1316
"347248","STRATA MINERALS LIMITED",0.057,0.031,-0.0344,-0.0242
"298640","STRATEGIC ELEMENTS LTD",0.087,0.039,-0.006,-0.0058
"253334","STRATEGIC ENRGY RESOURCE LTD",0.0135,0.022,-0.0024,-0.0031
"237776","STREAMPLAY STUDIO LTD",0.007,0.007,-0.0031,-0.0013
"276539","STRICKLAND METALS LTD",0.069,0.095,-0.0017,-0.004
"271330","STRIKE ENERGY LTD",0.405,0.22,-0.008,0.0032
"253433","STRIKE RESOURCES LTD",0.057,0.033,-0.0248,0.0027
"322452","SUGAR TERMINALS LTD",1.075,1.085,0.081,0.0902
"327597","SULTAN RESOURCES L",0.021,0.006,-0.0189,-0.0054
"353291","SUMMIT MINERALS LIMITED",0.115,0.235,-0.03,-0.0879
"287232","SUNRISE ENERGY METALS LTD",0.77,0.415,-0.1013,-0.0871
"253492","SUNSHINE METALS LTD",0.013,0.0135,-0.0045,-0.0055
"283452","SUNSTONE METALS LTD",0.017,0.005,-7e-04,-7e-04
"270502","SUPER RETAIL GROUP LTD",11.99,18.17,1.1646,1.0632
"287251","SUPERIOR RESOURCES LTD",0.025,0.008,-5e-04,-7e-04
"319821","SUPERLOOP LTD",0.665,1.725,-0.0901,-0.0308
"253359","SUPPLY NETWORK LTD",15,30.5,0.6651,0.7861
"232102","SUREFIRE RESOURCES NL",0.014,0.007,-0.0023,-0.0017
"253397","SWIFT NETWORKS GROUP LIMITED",0.019,0.015,-0.0067,-0.0027
"348735","SWOOP HOLDINGS LIMITED",0.225,0.215,-0.1815,-0.0256
"277814","SYMBIO HOLDINGS LTD",2.64,NA,0.0208,NA
"315885","SYNLAIT MILK LTD",1.33,0.405,-0.0647,-0.8331
"259073","SYNTARA LIMITED",0.033,0.043,-0.0173,-0.0143
"290336","SYRAH RESOURCES LIMITED",0.495,NA,-0.1265,NA
"222202","TABCORP HOLDINGS LTD",0.94,0.505,0.0293,-0.5957
"295010","TALGA GROUP LTD",1.195,0.395,-0.1202,-0.1028
"270944","TALI DIGITAL LTD",0.001,0.001,-0.0011,-9e-04
"274582","TALISMAN MINING LTD",0.135,0.245,4e-04,-0.0155
"329444","TALIUS GROUP LIMITED",0.009,NA,-6e-04,NA
"249516","TAMAWOOD LTD",2.15,2.65,0.0602,0.153
"349508","TAMBOURAH METALS LTD",0.2,0.037,-0.009,-0.0284
"216480","TANAMI GOLD NL",0.04,0.033,-0.003,-0.0052
"327322","TARTANA MINERALS LIMITED",0.048,0.039,-0.0102,-0.0173
"311604","TARUGA MINERALS LTD",0.009,0.01,-0.0015,-0.0146
"248800","TASFOODS LTD",0.021,NA,-0.0115,NA
"253435","TASMAN RESOURCES LTD",0.006,0.005,-0.0084,-0.0184
"328310","TECHGEN METALS LTD",0.029,0.035,-0.0338,-0.0162
"324108","TECHNOLOGY METALS AUSTRALIA",0.28,NA,-0.0091,NA
"241419","TECHNOLOGY ONE LTD",15.37,NA,0.3171,NA
"325899","TELIX PHARMACEUTICALS LTD",12.89,NA,0.0163,NA
"210216","TELSTRA GROUP LIMITED",3.85,3.88,0.167,0.1405
"324044","TEMPEST MINERALS LTD",0.009,0.01,-0.0021,-0.0017
"320858","TEMPLE & WEBSTER GROUP LTD",6,13.27,0.0682,0.015
"259622","TEN SIXTY FOUR LIMITED",0.57,NA,-0.1009,NA
"271297","TENNANT MINERALS LIMITED",0.031,0.013,-0.0075,-0.0049
"314536","TERRA METALS LTD",0.053,0.038,-0.0057,-0.0206
"295119","TERRACOM LTD",0.445,0.205,0.3276,0.0324
"335465","TERRAGEN HOLDINGS LTD",0.026,0.034,-0.0166,-0.0087
"275895","TERRAIN MINERALS LTD",0.005,0.0045,-0.0012,-0.0014
"271325","TERRAMIN AUSTRALIA LTD",0.033,NA,-0.003,NA
"337098","TESORO GOLD LTD",0.019,0.037,-0.0032,-3e-04
"321257","TESSERENT LTD",0.13,NA,-0.0036,NA
"352979","TG METALS LTD",0.094,0.14,-0.0212,-0.0349
"275289","THE A2 MILK COMPANY LTD",4.56,6.85,0.2123,0.2319
"329634","THE CALMER CO INTERNATIONAL",0.005,0.01,-0.0162,-0.0033
"325465","THE GO2 PEOPLE",0.014,NA,-0.0036,NA
"351262","THE HYDRATION PHARMACEUTICAL",0.015,NA,-0.0415,NA
"322471","THE MARKET LIMITED",0.26,0.15,0.0177,-0.0198
"297921","THE STAR ENTERTAINMENT GROUP",0.61,0.295,-2.1173,-0.6675
"298147","THETA GOLD MINES LTD",0.125,0.17,-0.0116,-0.0091
"296306","THOMSON RESOURCES LTD",0.005,0.005,-0.0252,-8e-04
"320074","THRIVE TRIBE TECHNOLOGIES LI",0.027,0.001,-0.0066,-0.0106
"253612","THUNDERBIRD RESOURCES LTD",0.004,0.017,-4e-04,-0.003
"326079","TIETTO MINERALS LTD",0.615,NA,0.004,NA
"299291","TIGERS REALM COAL LTD",0.006,NA,0.0035,NA
"328874","TIMAH RESOURCES LTD",0.042,NA,0.0049,NA
"324065","TINYBEANS GROUP PTY LTD",0.125,0.082,-0.1106,-0.0491
"350807","TISSUE REPAIR LTD",0.25,0.355,-0.069,-0.0684
"213644","TITANIUM SANDS LTD",0.006,0.004,-9e-04,-0.0011
"325448","TITOMIC LIMITED",0.0145,0.13,-0.0698,-0.0136
"253642","TIVAN LTD",0.08,0.047,-0.0052,-0.0426
"315162","TLOU ENERGY LTD",0.029,0.028,-0.0053,-0.0039
"289362","TMK ENERGY LIMITED",0.003,NA,-5e-04,NA
"343867","TOMBADOR IRON LTD",0.014,NA,-0.0011,NA
"327173","TOP EDUCATION GRP",0.05,0.056,5e-04,8e-04
"345479","TOP SHELF INTERNATIONAL HOLD",0.21,0.04,-0.6381,-0.1005
"203037","TOURISM HOLDINGS LTD",3.7,1.77,0.2638,0.1817
"247829","TOYS'R'US ANZ LTD",0.015,0.059,-0.0293,-0.1125
"285372","TPC CONSOLIDATED LTD",5.26,10.05,1.4812,0.4754
"338640","TPG TELECOM LTD",4.51,NA,0.0264,NA
"272259","TRAFFIC TECHNOLOGIES LTD",0.012,0.004,-0.0108,-0.0191
"348638","TRAJAN GROUP HOLDINGS LTD",1.15,1.285,0.0124,-0.1664
"259435","TRAKA RESOURCES LTD",0.005,0.001,-0.0023,-8e-04
"253647","TRANSMETRO CORP LTD",1.805,1.65,0.1689,0.1465
"212650","TRANSURBAN GROUP",12.69,13.13,0.0208,0.1055
"297352","TREASURY WINE ESTATES LTD",12.33,12,0.3526,0.127
"275101","TRIANGLE ENERGY (GLOBAL) LTD",0.018,0.005,0.001,-0.0015
"253385","TRIBUNE RESOURCES LTD",3.25,4.85,0.01,0.0826
"327265","TRIGG MINERALS LTD",0.011,0.032,-0.0263,-0.0072
"324116","TRINEX MINERALS LIMITED",0.012,0.002,-0.005,-0.004
"037798","TRITIUM DCFC LTD",0.3028,NA,-0.78,NA
"292514","TRITON MINERALS LTD",0.014,NA,-0.0019,NA
"248782","TRIVARX LIMITED",0.0015,0.019,-9e-04,-0.0043
"284905","TRUSCOTT MINING CORP",0.058,0.072,-0.0032,-0.003
"346291","TRYPTAMINE THERAPEUTICS LTD",NA,0.018,NA,-0.0121
"275475","TTA HOLDINGS LTD",0.003,NA,-0.0106,NA
"338843","TUAS LIMITED",2.08,5.15,-0.0329,-0.0094
"314499","TUNGSTEN MINING NL",0.07,0.057,-0.0037,-0.0065
"289313","TURACO GOLD LIMITED",0.175,NA,-0.0104,NA
"285335","TYRANNA RESOURCES LTD",0.017,0.005,-0.0032,-0.013
"335514","TYRO PAYMENTS LTD",1.355,0.94,0.0116,0.0491
"201349","TZ LTD",0.024,0.019,-0.0259,4e-04
"324012","UNICO SILVER LIMITED",0.09,0.215,-0.0793,-0.0095
"319146","UNITH LTD",0.025,0.019,-9e-04,-0.0019
"344059","UNIVERSAL STORE HOLDINGS LTD",3.46,7.5,0.3248,0.4503
"318396","URBANISE.COM LTD",0.425,0.44,-0.0987,-0.054
"259437","USCOM LTD",0.05,0.014,-0.0149,-0.0118
"353057","UVRE LIMITED",0.14,0.076,-0.0509,-0.0293
"325687","VANADIUM RESOURCES LTD",0.056,0.045,-0.0046,-0.0036
"253507","VARISCAN MINES LTD",0.015,0.009,-0.0031,-0.0018
"038974","VAST RENEWABLES LTD",NA,1.14,NA,-17.5
"254186","VAULT MINERALS LIMITED",0.265,0.325,-0.0031,-0.0015
"275465","VDM GROUP LTD",0.001,NA,-2e-04,NA
"335544","VECTION TECHNOLOGIES LTD",0.039,0.008,-0.0096,-0.0088
"321313","VECTUS BIOSYSTEMS LTD",0.355,0.08,-0.0719,-0.0439
"322612","VEEM LTD",0.56,1.465,0.0303,0.0515
"351070","VENTIA SERVICES GROUP LTD",3.85,NA,0.2219,NA
"284961","VENUS METALS CORP LTD",0.125,0.061,-0.0299,0.1554
"352431","VERATIN LIMITED",0.13,NA,-0.0086,NA
"332990","VERBREC LTD",0.1,0.135,-0.043,0.0182
"289302","VERIS LTD",0.075,0.044,0.0021,-0.0091
"351128","VERTEX MINERALS LIMITED",0.14,0.175,-0.0198,-0.0136
"285229","VGI HEALTH TECHNOLOGY LIMITE",0.02,0.02,-0.011,-0.0091
"355178","VHM LIMITED",0.49,0.5,-0.1049,-0.0351
"318310","VICTOR GROUP HOLDINGS LTD",0.03,0.03,-0.0023,-0.0062
"285191","VICTORY METALS LIMITED",0.185,0.385,-0.0213,-0.0232
"294612","VIKING MINES LTD",0.01,0.008,0.0012,-0.0027
"328100","VINTAGE ENERGY LTD",0.031,0.009,-0.0149,-0.0228
"329524","VINYL GROUP LTD",0.056,0.105,-0.0302,-0.0252
"253375","VIP GLOVES LTD",0.003,NA,-0.0164,NA
"284312","VIRIDIS MINING AND MINERALS",0.85,0.705,-0.023,-0.1689
"321671","VISIONFLEX GROUP LIMITED",0.01,0.005,-0.0025,-0.0011
"274258","VITAL METALS LTD",0.01,0.003,-0.01,-9e-04
"334319","VITURA HEALTH LIMITED",0.37,0.076,0.0249,0.0062
"327665","VIVA ENERGY GROUP",3.7,NA,0.0025,NA
"332470","VIVA LEISURE LTD",1.595,1.38,0.0378,0.0355
"254459","VMOTO LTD",0.145,NA,0.0251,NA
"248169","VOLT GROUP LIMITED",0.001,NA,1e-04,NA
"259626","VOLT RESOURCES LTD",0.007,0.0035,-0.0036,-0.001
"296582","VOLTAIC STRATEGIC RESOURCES",0.0165,NA,-0.0035,NA
"296911","VRX SILICA LTD",0.11,0.042,-0.009,-0.0073
"327204","VULCAN ENERGY RESOURCES LTD",2.87,NA,-0.1692,NA
"350937","VULCAN STEEL LIMITED",7.35,7.69,0.6689,0.3043
"288489","VYSARN LTD",0.185,0.5,0.0098,0.0195
"343934","WA KAOLIN LIMITED",0.135,0.052,-0.0105,-0.0329
"351672","WA1 RESOURCES LTD",5.15,15.08,-0.0462,-0.0609
"326138","WAGNERS HOLDING CO",0.965,0.86,0.0166,0.0548
"281462","WALKABOUT RESOURCES LTD",0.115,0.1,-0.008,-0.0127
"314719","WARATAH MINERALS LIMITED",0.09,NA,-0.0647,NA
"297512","WARRIEDAR RESOURCES LIMITED",0.068,0.06,-0.0361,-0.039
"253370","WATERCO LTD",4.18,5.32,0.3073,0.3938
"253367","WEB TRAVEL GROUP LIMITED",8.98,NA,0.1888,NA
"320859","WELLARD LTD",0.038,0.072,-0.0292,-0.0015
"247299","WELLFULLY LTD",0.003,NA,-0.0171,NA
"323741","WELLNEX LIFE LTD",0.0524,0.02,-0.0343,-0.0162
"101601","WESFARMERS LTD",52.86,70.43,2.1776,2.2568
"294831","WEST AFRICAN RESOURCES LTD",1.2,NA,0.1433,NA
"350040","WEST COBAR METALS LIMITED",0.085,0.024,-0.0167,-0.0283
"287929","WEST WITS MINING LTD",0.014,0.015,-0.0013,-7e-04
"344093","WESTAR RESOURCES LTD",0.0215,0.009,-0.0374,-0.0148
"348739","WESTERN GOLD RESOURCES LTD",0.03,0.027,-0.0225,-0.0229
"348902","WESTERN MINES GROUP LTD",0.285,0.25,-0.0213,-0.0204
"284824","WESTERN YILGARN NL",0.092,0.025,-0.0116,-0.0164
"212653","WESTGOLD RESOURCES LTD",1.695,2.67,0.0211,0.2011
"015362","WESTPAC BANKING CORP",22.9,NA,1.32,NA
"332583","WHISPIR LTD",0.315,NA,-0.1607,NA
"290311","WHITE CLIFF MINERALS LTD",0.011,0.02,0.0041,-0.0098
"242682","WHITE ENERGY CO LTD",0.071,0.042,-0.158,-0.064
"270347","WHITEBARK ENERGY LTD",0.025,0.008,-6e-04,-0.0115
"284808","WHITEHAVEN COAL LIMITED",7.11,7.22,3.0766,0.4448
"326184","WHITEHAWK LIMITED",0.017,NA,-0.0104,NA
"297001","WIA GOLD LIMITED",0.04,0.145,-0.0027,-0.004
"327199","WIDE OPEN AGRICULTU",0.325,0.012,-0.1027,-0.0548
"271291","WILDCAT RESOURCES LTD",0.445,0.285,-0.0025,-0.0087
"350192","WIN METALS LTD",0.1975,0.046,-0.0081,-0.0077
"318404","WINCHESTER ENERGY LTD",0.003,NA,-0.0025,NA
"247593","WINGARA AG LIMITED",0.008,NA,-0.0178,NA
"350974","WINSOME RESOURCES LIMITED",1.475,0.57,-0.098,-0.0264
"321501","WISETECH GLOBAL LTD",65.05,137.19,0.6479,0.794
"328883","WISEWAY GROUP LIMITED",0.046,0.13,-0.0192,0.0037
"248144","WISR LTD",0.031,0.027,-0.0097,-0.006
"100712","WOODSIDE ENERGY GROUP LTD",30.5,NA,0.8753,NA
"100894","WOOLWORTHS GROUP LTD",37.32,33.3,1.3325,0.0885
"329451","WOOMERA MINING LTD",0.011,0.002,-0.0044,-0.0037
"254665","WORLEY LTD",17.41,14.83,0.0704,0.5747
"323092","WRKR LTD",0.028,0.049,-0.0033,-0.003
"349942","X2M CONNECT LIMITED",0.04,0.038,-0.0354,-0.0258
"296338","XANADU MINES LTD",0.059,NA,-0.0047,NA
"284844","XERO LIMITED",136.4,NA,1.1534,NA
"351350","XPON TECHNOLOGIES GROUP LTD",0.054,0.008,-0.0283,-0.0218
"314729","XREALITY GROUP LIMITED",0.04,0.037,-0.004,-0.0081
"284393","XREF LTD",0.2,0.15,-0.018,-0.0304
"281520","XRF SCIENTIFIC LTD",1.02,1.68,0.0562,0.0645
"205895","XSTATE RESOURCES LTD",0.016,NA,0.0044,NA
"285849","XTC LITHIUM LIMITED",0.001,NA,-6e-04,NA
"313077","YANCOAL AUSTRALIA LTD",5.24,NA,1.3776,NA
"330013","YANDAL RESOURCES LIMITED",0.049,0.09,-0.0073,-0.0244
"278170","YARI MINERALS LIMITED",0.005,NA,-0.0092,NA
"296027","YOJEE LTD",0.009,0.083,-0.0056,-0.0583
"252590","YOWIE GROUP LTD",0.034,0.025,-5e-04,-0.012
"257749","ZELIRA THERAPEUTICS LTD",0.98,0.75,-0.5535,-3.2228
"284760","ZENITH MINERALS LTD",0.11,0.049,-0.0264,-0.0127
"293020","ZEOTECH LTD",0.054,0.031,-0.0015,-0.0032
"314718","ZEUS RESOURCES LTD",0.015,0.009,-0.0029,-0.0013
"253327","ZICOM GROUP LTD",0.057,0.068,-0.0398,0.0308
"226186","ZIMPLATS HOLDINGS LTD",23.2,16.2,1.9089,0.0764
"350034","ZOOM2U TECHNOLOGIES LIMITED",0.055,0.076,-0.0297,-0.0158
"329144","ZOONO GROUP LTD",0.038,0.024,-0.0021,-0.0414
"295276","ZULEIKA GOLD LTD",0.011,0.013,-0.002,3e-04
